entity_id,entity_name,entity_type,ef_value,ef_unit,region,source_dataset,confidence,timestamp,tags,is_outlier,metadata
IPCC_EFDB_Energy_Electricity_Generation_HFCs_0,Energy - Electricity Generation,energy,0.0792,kg/year,SAM,IPCC_EFDB,0.54,2025-03-13,"['sector:energy', 'gas:HFCs', 'year:2020']",False,"{""source"": ""IPCC_EFDB"", ""entity_type"": ""energy"", ""tags"": [""sector:energy"", ""gas:HFCs"", ""year:2020""]}"
IPCC_EFDB_Energy_Electricity_Generation_CH4_1,Energy - Electricity Generation,energy,1.0759,kg/head,EUR,IPCC_EFDB,0.85,2025-03-13,"['sector:energy', 'gas:CH4', 'year:2013']",False,"{""source"": ""IPCC_EFDB"", ""entity_type"": ""energy"", ""tags"": [""sector:energy"", ""gas:CH4"", ""year:2013""]}"
IPCC_EFDB_Energy_Transport_CO2_2,Energy - Transport,energy,3.1701,kg/t,ASI,IPCC_EFDB,0.62,2025-03-13,"['sector:energy', 'gas:CO2', 'year:2007']",False,"{""source"": ""IPCC_EFDB"", ""entity_type"": ""energy"", ""tags"": [""sector:energy"", ""gas:CO2"", ""year:2007""]}"
IPCC_EFDB_Energy_Electricity_Generation_CO2_3,Energy - Electricity Generation,energy,0.767,kg/t,SAM,IPCC_EFDB,0.67,2025-03-13,"['sector:energy', 'gas:CO2', 'year:2020']",False,"{""source"": ""IPCC_EFDB"", ""entity_type"": ""energy"", ""tags"": [""sector:energy"", ""gas:CO2"", ""year:2020""]}"
IPCC_EFDB_Energy_Fuel_Combustion_CO2_4,Energy - Fuel Combustion,energy,4.2712,kg/kWh,NAM,IPCC_EFDB,0.88,2025-03-13,"['sector:energy', 'gas:CO2', 'year:2012']",False,"{""source"": ""IPCC_EFDB"", ""entity_type"": ""energy"", ""tags"": [""sector:energy"", ""gas:CO2"", ""year:2012""]}"
IPCC_EFDB_Energy_Transport_CO2_5,Energy - Transport,energy,8.345,t/TJ,NAM,IPCC_EFDB,0.58,2025-03-13,"['sector:energy', 'gas:CO2', 'year:2010']",False,"{""source"": ""IPCC_EFDB"", ""entity_type"": ""energy"", ""tags"": [""sector:energy"", ""gas:CO2"", ""year:2010""]}"
IPCC_EFDB_Energy_Fugitive_Emissions_CO2_6,Energy - Fugitive Emissions,energy,3.1804,t/TJ,EUR,IPCC_EFDB,0.88,2025-03-13,"['sector:energy', 'gas:CO2', 'year:2017']",False,"{""source"": ""IPCC_EFDB"", ""entity_type"": ""energy"", ""tags"": [""sector:energy"", ""gas:CO2"", ""year:2017""]}"
IPCC_EFDB_Energy_Fugitive_Emissions_CO2_7,Energy - Fugitive Emissions,energy,2.2761,t/TJ,EUR,IPCC_EFDB,0.76,2025-03-13,"['sector:energy', 'gas:CO2', 'year:2016']",False,"{""source"": ""IPCC_EFDB"", ""entity_type"": ""energy"", ""tags"": [""sector:energy"", ""gas:CO2"", ""year:2016""]}"
IPCC_EFDB_Energy_Fuel_Combustion_CO2_8,Energy - Fuel Combustion,energy,5.4176,kg/t,EUR,IPCC_EFDB,0.56,2025-03-13,"['sector:energy', 'gas:CO2', 'year:2014']",False,"{""source"": ""IPCC_EFDB"", ""entity_type"": ""energy"", ""tags"": [""sector:energy"", ""gas:CO2"", ""year:2014""]}"
IPCC_EFDB_Energy_Electricity_Generation_CO2_9,Energy - Electricity Generation,energy,4.1437,t/TJ,ASI,IPCC_EFDB,0.93,2025-03-13,"['sector:energy', 'gas:CO2', 'year:2015']",False,"{""source"": ""IPCC_EFDB"", ""entity_type"": ""energy"", ""tags"": [""sector:energy"", ""gas:CO2"", ""year:2015""]}"
IPCC_EFDB_Energy_Electricity_Generation_CO2_10,Energy - Electricity Generation,energy,18.5761,kg/TJ,ASI,IPCC_EFDB,0.78,2025-03-13,"['sector:energy', 'gas:CO2', 'year:2014']",False,"{""source"": ""IPCC_EFDB"", ""entity_type"": ""energy"", ""tags"": [""sector:energy"", ""gas:CO2"", ""year:2014""]}"
IPCC_EFDB_Energy_Fuel_Combustion_CO2_11,Energy - Fuel Combustion,energy,10.5873,kg/kWh,NAM,IPCC_EFDB,0.59,2025-03-13,"['sector:energy', 'gas:CO2', 'year:2014']",False,"{""source"": ""IPCC_EFDB"", ""entity_type"": ""energy"", ""tags"": [""sector:energy"", ""gas:CO2"", ""year:2014""]}"
IPCC_EFDB_Energy_Fugitive_Emissions_CO2_12,Energy - Fugitive Emissions,energy,3.7328,kg/kWh,NAM,IPCC_EFDB,0.54,2025-03-13,"['sector:energy', 'gas:CO2', 'year:2018']",False,"{""source"": ""IPCC_EFDB"", ""entity_type"": ""energy"", ""tags"": [""sector:energy"", ""gas:CO2"", ""year:2018""]}"
IPCC_EFDB_Energy_Electricity_Generation_CO2_13,Energy - Electricity Generation,energy,11.067,t/TJ,ASI,IPCC_EFDB,0.79,2025-03-13,"['sector:energy', 'gas:CO2', 'year:2006']",False,"{""source"": ""IPCC_EFDB"", ""entity_type"": ""energy"", ""tags"": [""sector:energy"", ""gas:CO2"", ""year:2006""]}"
IPCC_EFDB_Energy_Fugitive_Emissions_CO2_14,Energy - Fugitive Emissions,energy,2.1413,kg/kWh,NAM,IPCC_EFDB,0.9,2025-03-13,"['sector:energy', 'gas:CO2', 'year:2011']",False,"{""source"": ""IPCC_EFDB"", ""entity_type"": ""energy"", ""tags"": [""sector:energy"", ""gas:CO2"", ""year:2011""]}"
IPCC_EFDB_Energy_Fuel_Combustion_CO2_15,Energy - Fuel Combustion,energy,6.0342,t/TJ,EUR,IPCC_EFDB,0.86,2025-03-13,"['sector:energy', 'gas:CO2', 'year:2011']",False,"{""source"": ""IPCC_EFDB"", ""entity_type"": ""energy"", ""tags"": [""sector:energy"", ""gas:CO2"", ""year:2011""]}"
IPCC_EFDB_Energy_Fuel_Combustion_N2O_16,Energy - Fuel Combustion,energy,0.8931,kg/TJ,OCE,IPCC_EFDB,0.84,2025-03-13,"['sector:energy', 'gas:N2O', 'year:2008']",False,"{""source"": ""IPCC_EFDB"", ""entity_type"": ""energy"", ""tags"": [""sector:energy"", ""gas:N2O"", ""year:2008""]}"
IPCC_EFDB_Energy_Fugitive_Emissions_CO2_17,Energy - Fugitive Emissions,energy,19.8171,t/TJ,OCE,IPCC_EFDB,0.91,2025-03-13,"['sector:energy', 'gas:CO2', 'year:2021']",False,"{""source"": ""IPCC_EFDB"", ""entity_type"": ""energy"", ""tags"": [""sector:energy"", ""gas:CO2"", ""year:2021""]}"
IPCC_EFDB_Energy_Fuel_Combustion_CO2_18,Energy - Fuel Combustion,energy,1.2557,t/TJ,AFR,IPCC_EFDB,0.91,2025-03-13,"['sector:energy', 'gas:CO2', 'year:2017']",False,"{""source"": ""IPCC_EFDB"", ""entity_type"": ""energy"", ""tags"": [""sector:energy"", ""gas:CO2"", ""year:2017""]}"
IPCC_EFDB_Energy_Transport_CH4_19,Energy - Transport,energy,1.6711,kg/head,GLB,IPCC_EFDB,0.84,2025-03-13,"['sector:energy', 'gas:CH4', 'year:2006']",False,"{""source"": ""IPCC_EFDB"", ""entity_type"": ""energy"", ""tags"": [""sector:energy"", ""gas:CH4"", ""year:2006""]}"
IPCC_EFDB_Energy_Transport_CO2_20,Energy - Transport,energy,1.566,kg/TJ,OCE,IPCC_EFDB,0.72,2025-03-13,"['sector:energy', 'gas:CO2', 'year:2008']",False,"{""source"": ""IPCC_EFDB"", ""entity_type"": ""energy"", ""tags"": [""sector:energy"", ""gas:CO2"", ""year:2008""]}"
IPCC_EFDB_Energy_Electricity_Generation_CO2_21,Energy - Electricity Generation,energy,5.9496,kg/kWh,OCE,IPCC_EFDB,0.56,2025-03-13,"['sector:energy', 'gas:CO2', 'year:2021']",False,"{""source"": ""IPCC_EFDB"", ""entity_type"": ""energy"", ""tags"": [""sector:energy"", ""gas:CO2"", ""year:2021""]}"
IPCC_EFDB_Energy_Fugitive_Emissions_N2O_22,Energy - Fugitive Emissions,energy,1.0231,kg/ha,NAM,IPCC_EFDB,0.7,2025-03-13,"['sector:energy', 'gas:N2O', 'year:2022']",False,"{""source"": ""IPCC_EFDB"", ""entity_type"": ""energy"", ""tags"": [""sector:energy"", ""gas:N2O"", ""year:2022""]}"
IPCC_EFDB_Energy_Electricity_Generation_CH4_23,Energy - Electricity Generation,energy,0.55,g/GJ,OCE,IPCC_EFDB,0.59,2025-03-13,"['sector:energy', 'gas:CH4', 'year:2015']",False,"{""source"": ""IPCC_EFDB"", ""entity_type"": ""energy"", ""tags"": [""sector:energy"", ""gas:CH4"", ""year:2015""]}"
IPCC_EFDB_Energy_Fuel_Combustion_CH4_24,Energy - Fuel Combustion,energy,2.5246,g/GJ,AFR,IPCC_EFDB,0.93,2025-03-13,"['sector:energy', 'gas:CH4', 'year:2020']",False,"{""source"": ""IPCC_EFDB"", ""entity_type"": ""energy"", ""tags"": [""sector:energy"", ""gas:CH4"", ""year:2020""]}"
IPCC_EFDB_Energy_Fugitive_Emissions_CO2_25,Energy - Fugitive Emissions,energy,31.783,kg/t,NAM,IPCC_EFDB,0.88,2025-03-13,"['sector:energy', 'gas:CO2', 'year:2009']",False,"{""source"": ""IPCC_EFDB"", ""entity_type"": ""energy"", ""tags"": [""sector:energy"", ""gas:CO2"", ""year:2009""]}"
IPCC_EFDB_Energy_Fugitive_Emissions_CO2_26,Energy - Fugitive Emissions,energy,5.8181,t/TJ,SAM,IPCC_EFDB,0.54,2025-03-13,"['sector:energy', 'gas:CO2', 'year:2016']",False,"{""source"": ""IPCC_EFDB"", ""entity_type"": ""energy"", ""tags"": [""sector:energy"", ""gas:CO2"", ""year:2016""]}"
IPCC_EFDB_Energy_Fugitive_Emissions_CH4_27,Energy - Fugitive Emissions,energy,1.8441,kg/TJ,EUR,IPCC_EFDB,0.7,2025-03-13,"['sector:energy', 'gas:CH4', 'year:2020']",False,"{""source"": ""IPCC_EFDB"", ""entity_type"": ""energy"", ""tags"": [""sector:energy"", ""gas:CH4"", ""year:2020""]}"
IPCC_EFDB_Energy_Transport_CO2_28,Energy - Transport,energy,2.4927,kg/kWh,SAM,IPCC_EFDB,0.72,2025-03-13,"['sector:energy', 'gas:CO2', 'year:2006']",False,"{""source"": ""IPCC_EFDB"", ""entity_type"": ""energy"", ""tags"": [""sector:energy"", ""gas:CO2"", ""year:2006""]}"
IPCC_EFDB_Energy_Fugitive_Emissions_CO2_29,Energy - Fugitive Emissions,energy,41.6616,kg/kWh,SAM,IPCC_EFDB,0.9,2025-03-13,"['sector:energy', 'gas:CO2', 'year:2013']",True,"{""source"": ""IPCC_EFDB"", ""entity_type"": ""energy"", ""tags"": [""sector:energy"", ""gas:CO2"", ""year:2013""]}"
IPCC_EFDB_Energy_Transport_CO2_30,Energy - Transport,energy,3.6699,kg/t,OCE,IPCC_EFDB,0.52,2025-03-13,"['sector:energy', 'gas:CO2', 'year:2008']",False,"{""source"": ""IPCC_EFDB"", ""entity_type"": ""energy"", ""tags"": [""sector:energy"", ""gas:CO2"", ""year:2008""]}"
IPCC_EFDB_Energy_Electricity_Generation_CO2_31,Energy - Electricity Generation,energy,20.9794,kg/kWh,AFR,IPCC_EFDB,0.66,2025-03-13,"['sector:energy', 'gas:CO2', 'year:2006']",False,"{""source"": ""IPCC_EFDB"", ""entity_type"": ""energy"", ""tags"": [""sector:energy"", ""gas:CO2"", ""year:2006""]}"
IPCC_EFDB_Energy_Fugitive_Emissions_NF3_32,Energy - Fugitive Emissions,energy,0.0433,kg/unit,SAM,IPCC_EFDB,0.62,2025-03-13,"['sector:energy', 'gas:NF3', 'year:2011']",False,"{""source"": ""IPCC_EFDB"", ""entity_type"": ""energy"", ""tags"": [""sector:energy"", ""gas:NF3"", ""year:2011""]}"
IPCC_EFDB_Energy_Transport_CO2_33,Energy - Transport,energy,7.6895,kg/t,GLB,IPCC_EFDB,0.57,2025-03-13,"['sector:energy', 'gas:CO2', 'year:2018']",False,"{""source"": ""IPCC_EFDB"", ""entity_type"": ""energy"", ""tags"": [""sector:energy"", ""gas:CO2"", ""year:2018""]}"
IPCC_EFDB_Energy_Fugitive_Emissions_CH4_34,Energy - Fugitive Emissions,energy,0.9091,g/GJ,ASI,IPCC_EFDB,0.84,2025-03-13,"['sector:energy', 'gas:CH4', 'year:2008']",False,"{""source"": ""IPCC_EFDB"", ""entity_type"": ""energy"", ""tags"": [""sector:energy"", ""gas:CH4"", ""year:2008""]}"
IPCC_EFDB_Energy_Transport_SF6_35,Energy - Transport,energy,0.1923,g/kg,NAM,IPCC_EFDB,0.63,2025-03-13,"['sector:energy', 'gas:SF6', 'year:2021']",False,"{""source"": ""IPCC_EFDB"", ""entity_type"": ""energy"", ""tags"": [""sector:energy"", ""gas:SF6"", ""year:2021""]}"
IPCC_EFDB_Energy_Transport_N2O_36,Energy - Transport,energy,0.3395,kg/head,ASI,IPCC_EFDB,0.69,2025-03-13,"['sector:energy', 'gas:N2O', 'year:2008']",False,"{""source"": ""IPCC_EFDB"", ""entity_type"": ""energy"", ""tags"": [""sector:energy"", ""gas:N2O"", ""year:2008""]}"
IPCC_EFDB_Energy_Fugitive_Emissions_CO2_37,Energy - Fugitive Emissions,energy,8.3318,kg/t,AFR,IPCC_EFDB,0.71,2025-03-13,"['sector:energy', 'gas:CO2', 'year:2010']",False,"{""source"": ""IPCC_EFDB"", ""entity_type"": ""energy"", ""tags"": [""sector:energy"", ""gas:CO2"", ""year:2010""]}"
IPCC_EFDB_Energy_Fuel_Combustion_CH4_38,Energy - Fuel Combustion,energy,2.3391,g/GJ,SAM,IPCC_EFDB,0.52,2025-03-13,"['sector:energy', 'gas:CH4', 'year:2020']",False,"{""source"": ""IPCC_EFDB"", ""entity_type"": ""energy"", ""tags"": [""sector:energy"", ""gas:CH4"", ""year:2020""]}"
IPCC_EFDB_Energy_Electricity_Generation_CO2_39,Energy - Electricity Generation,energy,1.6406,kg/t,ASI,IPCC_EFDB,0.76,2025-03-13,"['sector:energy', 'gas:CO2', 'year:2022']",False,"{""source"": ""IPCC_EFDB"", ""entity_type"": ""energy"", ""tags"": [""sector:energy"", ""gas:CO2"", ""year:2022""]}"
IPCC_EFDB_Energy_Fugitive_Emissions_CO2_40,Energy - Fugitive Emissions,energy,4.6295,kg/t,OCE,IPCC_EFDB,0.65,2025-03-13,"['sector:energy', 'gas:CO2', 'year:2019']",False,"{""source"": ""IPCC_EFDB"", ""entity_type"": ""energy"", ""tags"": [""sector:energy"", ""gas:CO2"", ""year:2019""]}"
IPCC_EFDB_Energy_Transport_CO2_41,Energy - Transport,energy,8.4376,kg/TJ,ASI,IPCC_EFDB,0.74,2025-03-13,"['sector:energy', 'gas:CO2', 'year:2017']",False,"{""source"": ""IPCC_EFDB"", ""entity_type"": ""energy"", ""tags"": [""sector:energy"", ""gas:CO2"", ""year:2017""]}"
IPCC_EFDB_Energy_Fuel_Combustion_CO2_42,Energy - Fuel Combustion,energy,6.714,kg/kWh,NAM,IPCC_EFDB,0.9,2025-03-13,"['sector:energy', 'gas:CO2', 'year:2007']",False,"{""source"": ""IPCC_EFDB"", ""entity_type"": ""energy"", ""tags"": [""sector:energy"", ""gas:CO2"", ""year:2007""]}"
IPCC_EFDB_Energy_Fuel_Combustion_PFCs_43,Energy - Fuel Combustion,energy,0.0639,kg/unit,AFR,IPCC_EFDB,0.91,2025-03-13,"['sector:energy', 'gas:PFCs', 'year:2006']",False,"{""source"": ""IPCC_EFDB"", ""entity_type"": ""energy"", ""tags"": [""sector:energy"", ""gas:PFCs"", ""year:2006""]}"
IPCC_EFDB_Energy_Fugitive_Emissions_CO2_44,Energy - Fugitive Emissions,energy,14.8045,kg/t,NAM,IPCC_EFDB,0.5,2025-03-13,"['sector:energy', 'gas:CO2', 'year:2018']",False,"{""source"": ""IPCC_EFDB"", ""entity_type"": ""energy"", ""tags"": [""sector:energy"", ""gas:CO2"", ""year:2018""]}"
IPCC_EFDB_Energy_Electricity_Generation_N2O_45,Energy - Electricity Generation,energy,1.0302,kg/ha,AFR,IPCC_EFDB,0.84,2025-03-13,"['sector:energy', 'gas:N2O', 'year:2012']",False,"{""source"": ""IPCC_EFDB"", ""entity_type"": ""energy"", ""tags"": [""sector:energy"", ""gas:N2O"", ""year:2012""]}"
IPCC_EFDB_Energy_Transport_PFCs_46,Energy - Transport,energy,0.0792,kg/unit,GLB,IPCC_EFDB,0.52,2025-03-13,"['sector:energy', 'gas:PFCs', 'year:2012']",False,"{""source"": ""IPCC_EFDB"", ""entity_type"": ""energy"", ""tags"": [""sector:energy"", ""gas:PFCs"", ""year:2012""]}"
IPCC_EFDB_Energy_Fuel_Combustion_CH4_47,Energy - Fuel Combustion,energy,0.3514,g/GJ,OCE,IPCC_EFDB,0.81,2025-03-13,"['sector:energy', 'gas:CH4', 'year:2006']",False,"{""source"": ""IPCC_EFDB"", ""entity_type"": ""energy"", ""tags"": [""sector:energy"", ""gas:CH4"", ""year:2006""]}"
IPCC_EFDB_Energy_Transport_SF6_48,Energy - Transport,energy,0.0515,kg/year,AFR,IPCC_EFDB,0.83,2025-03-13,"['sector:energy', 'gas:SF6', 'year:2017']",False,"{""source"": ""IPCC_EFDB"", ""entity_type"": ""energy"", ""tags"": [""sector:energy"", ""gas:SF6"", ""year:2017""]}"
IPCC_EFDB_Energy_Fuel_Combustion_CO2_49,Energy - Fuel Combustion,energy,3.5565,kg/TJ,AFR,IPCC_EFDB,0.94,2025-03-13,"['sector:energy', 'gas:CO2', 'year:2017']",False,"{""source"": ""IPCC_EFDB"", ""entity_type"": ""energy"", ""tags"": [""sector:energy"", ""gas:CO2"", ""year:2017""]}"
IPCC_EFDB_Industrial_Processes_and_Product_Use_Metal_Industry_CO2_50,Industrial Processes and Product Use - Metal Industry,industrial_process,3.4121,kg/kWh,OCE,IPCC_EFDB,0.88,2025-03-13,"['sector:industrial_processes_and_product_use', 'gas:CO2', 'year:2012']",False,"{""source"": ""IPCC_EFDB"", ""entity_type"": ""industrial_process"", ""tags"": [""sector:industrial_processes_and_product_use"", ""gas:CO2"", ""year:2012""]}"
IPCC_EFDB_Industrial_Processes_and_Product_Use_Electronics_Industry_CO2_51,Industrial Processes and Product Use - Electronics Industry,industrial_process,7.5783,kg/TJ,EUR,IPCC_EFDB,0.67,2025-03-13,"['sector:industrial_processes_and_product_use', 'gas:CO2', 'year:2022']",False,"{""source"": ""IPCC_EFDB"", ""entity_type"": ""industrial_process"", ""tags"": [""sector:industrial_processes_and_product_use"", ""gas:CO2"", ""year:2022""]}"
IPCC_EFDB_Industrial_Processes_and_Product_Use_Mineral_Industry_CO2_52,Industrial Processes and Product Use - Mineral Industry,industrial_process,2.3777,kg/t,NAM,IPCC_EFDB,0.8,2025-03-13,"['sector:industrial_processes_and_product_use', 'gas:CO2', 'year:2013']",False,"{""source"": ""IPCC_EFDB"", ""entity_type"": ""industrial_process"", ""tags"": [""sector:industrial_processes_and_product_use"", ""gas:CO2"", ""year:2013""]}"
IPCC_EFDB_Industrial_Processes_and_Product_Use_Electronics_Industry_HFCs_53,Industrial Processes and Product Use - Electronics Industry,industrial_process,0.2533,kg/year,AFR,IPCC_EFDB,0.78,2025-03-13,"['sector:industrial_processes_and_product_use', 'gas:HFCs', 'year:2013']",False,"{""source"": ""IPCC_EFDB"", ""entity_type"": ""industrial_process"", ""tags"": [""sector:industrial_processes_and_product_use"", ""gas:HFCs"", ""year:2013""]}"
IPCC_EFDB_Industrial_Processes_and_Product_Use_Metal_Industry_N2O_54,Industrial Processes and Product Use - Metal Industry,industrial_process,0.7373,g/GJ,GLB,IPCC_EFDB,0.74,2025-03-13,"['sector:industrial_processes_and_product_use', 'gas:N2O', 'year:2013']",False,"{""source"": ""IPCC_EFDB"", ""entity_type"": ""industrial_process"", ""tags"": [""sector:industrial_processes_and_product_use"", ""gas:N2O"", ""year:2013""]}"
IPCC_EFDB_Industrial_Processes_and_Product_Use_Mineral_Industry_CO2_55,Industrial Processes and Product Use - Mineral Industry,industrial_process,15.7468,kg/TJ,EUR,IPCC_EFDB,0.75,2025-03-13,"['sector:industrial_processes_and_product_use', 'gas:CO2', 'year:2016']",False,"{""source"": ""IPCC_EFDB"", ""entity_type"": ""industrial_process"", ""tags"": [""sector:industrial_processes_and_product_use"", ""gas:CO2"", ""year:2016""]}"
IPCC_EFDB_Industrial_Processes_and_Product_Use_Metal_Industry_CO2_56,Industrial Processes and Product Use - Metal Industry,industrial_process,13.5363,kg/t,OCE,IPCC_EFDB,0.67,2025-03-13,"['sector:industrial_processes_and_product_use', 'gas:CO2', 'year:2019']",False,"{""source"": ""IPCC_EFDB"", ""entity_type"": ""industrial_process"", ""tags"": [""sector:industrial_processes_and_product_use"", ""gas:CO2"", ""year:2019""]}"
IPCC_EFDB_Industrial_Processes_and_Product_Use_Metal_Industry_CO2_57,Industrial Processes and Product Use - Metal Industry,industrial_process,51.6245,t/TJ,AFR,IPCC_EFDB,0.79,2025-03-13,"['sector:industrial_processes_and_product_use', 'gas:CO2', 'year:2016']",True,"{""source"": ""IPCC_EFDB"", ""entity_type"": ""industrial_process"", ""tags"": [""sector:industrial_processes_and_product_use"", ""gas:CO2"", ""year:2016""]}"
IPCC_EFDB_Industrial_Processes_and_Product_Use_Electronics_Industry_CO2_58,Industrial Processes and Product Use - Electronics Industry,industrial_process,14.6522,kg/TJ,GLB,IPCC_EFDB,0.61,2025-03-13,"['sector:industrial_processes_and_product_use', 'gas:CO2', 'year:2018']",False,"{""source"": ""IPCC_EFDB"", ""entity_type"": ""industrial_process"", ""tags"": [""sector:industrial_processes_and_product_use"", ""gas:CO2"", ""year:2018""]}"
IPCC_EFDB_Industrial_Processes_and_Product_Use_Chemical_Industry_CO2_59,Industrial Processes and Product Use - Chemical Industry,industrial_process,2.4413,kg/TJ,ASI,IPCC_EFDB,0.95,2025-03-13,"['sector:industrial_processes_and_product_use', 'gas:CO2', 'year:2018']",False,"{""source"": ""IPCC_EFDB"", ""entity_type"": ""industrial_process"", ""tags"": [""sector:industrial_processes_and_product_use"", ""gas:CO2"", ""year:2018""]}"
IPCC_EFDB_Industrial_Processes_and_Product_Use_Metal_Industry_CO2_60,Industrial Processes and Product Use - Metal Industry,industrial_process,0.9932,kg/kWh,EUR,IPCC_EFDB,0.81,2025-03-13,"['sector:industrial_processes_and_product_use', 'gas:CO2', 'year:2020']",False,"{""source"": ""IPCC_EFDB"", ""entity_type"": ""industrial_process"", ""tags"": [""sector:industrial_processes_and_product_use"", ""gas:CO2"", ""year:2020""]}"
IPCC_EFDB_Industrial_Processes_and_Product_Use_Mineral_Industry_CH4_61,Industrial Processes and Product Use - Mineral Industry,industrial_process,1.5113,g/GJ,GLB,IPCC_EFDB,0.87,2025-03-13,"['sector:industrial_processes_and_product_use', 'gas:CH4', 'year:2015']",False,"{""source"": ""IPCC_EFDB"", ""entity_type"": ""industrial_process"", ""tags"": [""sector:industrial_processes_and_product_use"", ""gas:CH4"", ""year:2015""]}"
IPCC_EFDB_Industrial_Processes_and_Product_Use_Mineral_Industry_CH4_62,Industrial Processes and Product Use - Mineral Industry,industrial_process,0.4247,kg/head,AFR,IPCC_EFDB,0.6,2025-03-13,"['sector:industrial_processes_and_product_use', 'gas:CH4', 'year:2013']",False,"{""source"": ""IPCC_EFDB"", ""entity_type"": ""industrial_process"", ""tags"": [""sector:industrial_processes_and_product_use"", ""gas:CH4"", ""year:2013""]}"
IPCC_EFDB_Industrial_Processes_and_Product_Use_Metal_Industry_CO2_63,Industrial Processes and Product Use - Metal Industry,industrial_process,5.2581,t/TJ,AFR,IPCC_EFDB,0.75,2025-03-13,"['sector:industrial_processes_and_product_use', 'gas:CO2', 'year:2013']",False,"{""source"": ""IPCC_EFDB"", ""entity_type"": ""industrial_process"", ""tags"": [""sector:industrial_processes_and_product_use"", ""gas:CO2"", ""year:2013""]}"
IPCC_EFDB_Industrial_Processes_and_Product_Use_Electronics_Industry_N2O_64,Industrial Processes and Product Use - Electronics Industry,industrial_process,0.2638,g/GJ,OCE,IPCC_EFDB,0.67,2025-03-13,"['sector:industrial_processes_and_product_use', 'gas:N2O', 'year:2015']",False,"{""source"": ""IPCC_EFDB"", ""entity_type"": ""industrial_process"", ""tags"": [""sector:industrial_processes_and_product_use"", ""gas:N2O"", ""year:2015""]}"
IPCC_EFDB_Industrial_Processes_and_Product_Use_Metal_Industry_CO2_65,Industrial Processes and Product Use - Metal Industry,industrial_process,10.3169,kg/kWh,SAM,IPCC_EFDB,0.59,2025-03-13,"['sector:industrial_processes_and_product_use', 'gas:CO2', 'year:2010']",False,"{""source"": ""IPCC_EFDB"", ""entity_type"": ""industrial_process"", ""tags"": [""sector:industrial_processes_and_product_use"", ""gas:CO2"", ""year:2010""]}"
IPCC_EFDB_Industrial_Processes_and_Product_Use_Mineral_Industry_CO2_66,Industrial Processes and Product Use - Mineral Industry,industrial_process,6.0098,kg/kWh,NAM,IPCC_EFDB,0.71,2025-03-13,"['sector:industrial_processes_and_product_use', 'gas:CO2', 'year:2022']",False,"{""source"": ""IPCC_EFDB"", ""entity_type"": ""industrial_process"", ""tags"": [""sector:industrial_processes_and_product_use"", ""gas:CO2"", ""year:2022""]}"
IPCC_EFDB_Industrial_Processes_and_Product_Use_Metal_Industry_CO2_67,Industrial Processes and Product Use - Metal Industry,industrial_process,2.8936,t/TJ,AFR,IPCC_EFDB,0.87,2025-03-13,"['sector:industrial_processes_and_product_use', 'gas:CO2', 'year:2022']",False,"{""source"": ""IPCC_EFDB"", ""entity_type"": ""industrial_process"", ""tags"": [""sector:industrial_processes_and_product_use"", ""gas:CO2"", ""year:2022""]}"
IPCC_EFDB_Industrial_Processes_and_Product_Use_Metal_Industry_CO2_68,Industrial Processes and Product Use - Metal Industry,industrial_process,8.9469,kg/TJ,GLB,IPCC_EFDB,0.53,2025-03-13,"['sector:industrial_processes_and_product_use', 'gas:CO2', 'year:2021']",False,"{""source"": ""IPCC_EFDB"", ""entity_type"": ""industrial_process"", ""tags"": [""sector:industrial_processes_and_product_use"", ""gas:CO2"", ""year:2021""]}"
IPCC_EFDB_Industrial_Processes_and_Product_Use_Chemical_Industry_CO2_69,Industrial Processes and Product Use - Chemical Industry,industrial_process,5.6357,t/TJ,NAM,IPCC_EFDB,0.68,2025-03-13,"['sector:industrial_processes_and_product_use', 'gas:CO2', 'year:2014']",False,"{""source"": ""IPCC_EFDB"", ""entity_type"": ""industrial_process"", ""tags"": [""sector:industrial_processes_and_product_use"", ""gas:CO2"", ""year:2014""]}"
IPCC_EFDB_Industrial_Processes_and_Product_Use_Electronics_Industry_CH4_70,Industrial Processes and Product Use - Electronics Industry,industrial_process,2.7976,kg/TJ,GLB,IPCC_EFDB,0.71,2025-03-13,"['sector:industrial_processes_and_product_use', 'gas:CH4', 'year:2007']",False,"{""source"": ""IPCC_EFDB"", ""entity_type"": ""industrial_process"", ""tags"": [""sector:industrial_processes_and_product_use"", ""gas:CH4"", ""year:2007""]}"
IPCC_EFDB_Industrial_Processes_and_Product_Use_Mineral_Industry_N2O_71,Industrial Processes and Product Use - Mineral Industry,industrial_process,0.6445,kg/head,SAM,IPCC_EFDB,0.54,2025-03-13,"['sector:industrial_processes_and_product_use', 'gas:N2O', 'year:2021']",False,"{""source"": ""IPCC_EFDB"", ""entity_type"": ""industrial_process"", ""tags"": [""sector:industrial_processes_and_product_use"", ""gas:N2O"", ""year:2021""]}"
IPCC_EFDB_Industrial_Processes_and_Product_Use_Chemical_Industry_N2O_72,Industrial Processes and Product Use - Chemical Industry,industrial_process,0.4995,kg/head,EUR,IPCC_EFDB,0.79,2025-03-13,"['sector:industrial_processes_and_product_use', 'gas:N2O', 'year:2015']",False,"{""source"": ""IPCC_EFDB"", ""entity_type"": ""industrial_process"", ""tags"": [""sector:industrial_processes_and_product_use"", ""gas:N2O"", ""year:2015""]}"
IPCC_EFDB_Industrial_Processes_and_Product_Use_Electronics_Industry_CO2_73,Industrial Processes and Product Use - Electronics Industry,industrial_process,6.3442,kg/t,SAM,IPCC_EFDB,0.64,2025-03-13,"['sector:industrial_processes_and_product_use', 'gas:CO2', 'year:2009']",False,"{""source"": ""IPCC_EFDB"", ""entity_type"": ""industrial_process"", ""tags"": [""sector:industrial_processes_and_product_use"", ""gas:CO2"", ""year:2009""]}"
IPCC_EFDB_Industrial_Processes_and_Product_Use_Chemical_Industry_CO2_74,Industrial Processes and Product Use - Chemical Industry,industrial_process,17.4943,kg/kWh,SAM,IPCC_EFDB,0.53,2025-03-13,"['sector:industrial_processes_and_product_use', 'gas:CO2', 'year:2014']",False,"{""source"": ""IPCC_EFDB"", ""entity_type"": ""industrial_process"", ""tags"": [""sector:industrial_processes_and_product_use"", ""gas:CO2"", ""year:2014""]}"
IPCC_EFDB_Industrial_Processes_and_Product_Use_Metal_Industry_CO2_75,Industrial Processes and Product Use - Metal Industry,industrial_process,8.0853,kg/t,NAM,IPCC_EFDB,0.56,2025-03-13,"['sector:industrial_processes_and_product_use', 'gas:CO2', 'year:2012']",False,"{""source"": ""IPCC_EFDB"", ""entity_type"": ""industrial_process"", ""tags"": [""sector:industrial_processes_and_product_use"", ""gas:CO2"", ""year:2012""]}"
IPCC_EFDB_Industrial_Processes_and_Product_Use_Chemical_Industry_HFCs_76,Industrial Processes and Product Use - Chemical Industry,industrial_process,0.0631,kg/year,ASI,IPCC_EFDB,0.57,2025-03-13,"['sector:industrial_processes_and_product_use', 'gas:HFCs', 'year:2016']",False,"{""source"": ""IPCC_EFDB"", ""entity_type"": ""industrial_process"", ""tags"": [""sector:industrial_processes_and_product_use"", ""gas:HFCs"", ""year:2016""]}"
IPCC_EFDB_Industrial_Processes_and_Product_Use_Chemical_Industry_CO2_77,Industrial Processes and Product Use - Chemical Industry,industrial_process,10.5427,t/TJ,SAM,IPCC_EFDB,0.54,2025-03-13,"['sector:industrial_processes_and_product_use', 'gas:CO2', 'year:2015']",False,"{""source"": ""IPCC_EFDB"", ""entity_type"": ""industrial_process"", ""tags"": [""sector:industrial_processes_and_product_use"", ""gas:CO2"", ""year:2015""]}"
IPCC_EFDB_Industrial_Processes_and_Product_Use_Chemical_Industry_CO2_78,Industrial Processes and Product Use - Chemical Industry,industrial_process,10.5619,t/TJ,EUR,IPCC_EFDB,0.87,2025-03-13,"['sector:industrial_processes_and_product_use', 'gas:CO2', 'year:2013']",False,"{""source"": ""IPCC_EFDB"", ""entity_type"": ""industrial_process"", ""tags"": [""sector:industrial_processes_and_product_use"", ""gas:CO2"", ""year:2013""]}"
IPCC_EFDB_Industrial_Processes_and_Product_Use_Mineral_Industry_N2O_79,Industrial Processes and Product Use - Mineral Industry,industrial_process,1.0888,g/GJ,AFR,IPCC_EFDB,0.58,2025-03-13,"['sector:industrial_processes_and_product_use', 'gas:N2O', 'year:2020']",False,"{""source"": ""IPCC_EFDB"", ""entity_type"": ""industrial_process"", ""tags"": [""sector:industrial_processes_and_product_use"", ""gas:N2O"", ""year:2020""]}"
IPCC_EFDB_Industrial_Processes_and_Product_Use_Electronics_Industry_CO2_80,Industrial Processes and Product Use - Electronics Industry,industrial_process,8.3895,kg/t,GLB,IPCC_EFDB,0.85,2025-03-13,"['sector:industrial_processes_and_product_use', 'gas:CO2', 'year:2016']",False,"{""source"": ""IPCC_EFDB"", ""entity_type"": ""industrial_process"", ""tags"": [""sector:industrial_processes_and_product_use"", ""gas:CO2"", ""year:2016""]}"
IPCC_EFDB_Industrial_Processes_and_Product_Use_Chemical_Industry_CO2_81,Industrial Processes and Product Use - Chemical Industry,industrial_process,13.1541,t/TJ,NAM,IPCC_EFDB,0.8,2025-03-13,"['sector:industrial_processes_and_product_use', 'gas:CO2', 'year:2020']",False,"{""source"": ""IPCC_EFDB"", ""entity_type"": ""industrial_process"", ""tags"": [""sector:industrial_processes_and_product_use"", ""gas:CO2"", ""year:2020""]}"
IPCC_EFDB_Industrial_Processes_and_Product_Use_Metal_Industry_CO2_82,Industrial Processes and Product Use - Metal Industry,industrial_process,24.0508,kg/kWh,ASI,IPCC_EFDB,0.75,2025-03-13,"['sector:industrial_processes_and_product_use', 'gas:CO2', 'year:2013']",False,"{""source"": ""IPCC_EFDB"", ""entity_type"": ""industrial_process"", ""tags"": [""sector:industrial_processes_and_product_use"", ""gas:CO2"", ""year:2013""]}"
IPCC_EFDB_Industrial_Processes_and_Product_Use_Mineral_Industry_HFCs_83,Industrial Processes and Product Use - Mineral Industry,industrial_process,0.1114,g/kg,AFR,IPCC_EFDB,0.56,2025-03-13,"['sector:industrial_processes_and_product_use', 'gas:HFCs', 'year:2010']",False,"{""source"": ""IPCC_EFDB"", ""entity_type"": ""industrial_process"", ""tags"": [""sector:industrial_processes_and_product_use"", ""gas:HFCs"", ""year:2010""]}"
IPCC_EFDB_Industrial_Processes_and_Product_Use_Mineral_Industry_CO2_84,Industrial Processes and Product Use - Mineral Industry,industrial_process,3.4091,t/TJ,NAM,IPCC_EFDB,0.8,2025-03-13,"['sector:industrial_processes_and_product_use', 'gas:CO2', 'year:2019']",False,"{""source"": ""IPCC_EFDB"", ""entity_type"": ""industrial_process"", ""tags"": [""sector:industrial_processes_and_product_use"", ""gas:CO2"", ""year:2019""]}"
IPCC_EFDB_Industrial_Processes_and_Product_Use_Metal_Industry_N2O_85,Industrial Processes and Product Use - Metal Industry,industrial_process,0.5366,kg/ha,EUR,IPCC_EFDB,0.9,2025-03-13,"['sector:industrial_processes_and_product_use', 'gas:N2O', 'year:2006']",False,"{""source"": ""IPCC_EFDB"", ""entity_type"": ""industrial_process"", ""tags"": [""sector:industrial_processes_and_product_use"", ""gas:N2O"", ""year:2006""]}"
IPCC_EFDB_Industrial_Processes_and_Product_Use_Chemical_Industry_CO2_86,Industrial Processes and Product Use - Chemical Industry,industrial_process,8.2686,kg/t,AFR,IPCC_EFDB,0.54,2025-03-13,"['sector:industrial_processes_and_product_use', 'gas:CO2', 'year:2017']",False,"{""source"": ""IPCC_EFDB"", ""entity_type"": ""industrial_process"", ""tags"": [""sector:industrial_processes_and_product_use"", ""gas:CO2"", ""year:2017""]}"
IPCC_EFDB_Industrial_Processes_and_Product_Use_Metal_Industry_N2O_87,Industrial Processes and Product Use - Metal Industry,industrial_process,3.5287,kg/TJ,SAM,IPCC_EFDB,0.86,2025-03-13,"['sector:industrial_processes_and_product_use', 'gas:N2O', 'year:2015']",False,"{""source"": ""IPCC_EFDB"", ""entity_type"": ""industrial_process"", ""tags"": [""sector:industrial_processes_and_product_use"", ""gas:N2O"", ""year:2015""]}"
IPCC_EFDB_Industrial_Processes_and_Product_Use_Mineral_Industry_CO2_88,Industrial Processes and Product Use - Mineral Industry,industrial_process,29.6869,t/TJ,EUR,IPCC_EFDB,0.94,2025-03-13,"['sector:industrial_processes_and_product_use', 'gas:CO2', 'year:2015']",False,"{""source"": ""IPCC_EFDB"", ""entity_type"": ""industrial_process"", ""tags"": [""sector:industrial_processes_and_product_use"", ""gas:CO2"", ""year:2015""]}"
IPCC_EFDB_Industrial_Processes_and_Product_Use_Chemical_Industry_N2O_89,Industrial Processes and Product Use - Chemical Industry,industrial_process,3.5536,kg/ha,GLB,IPCC_EFDB,0.73,2025-03-13,"['sector:industrial_processes_and_product_use', 'gas:N2O', 'year:2007']",False,"{""source"": ""IPCC_EFDB"", ""entity_type"": ""industrial_process"", ""tags"": [""sector:industrial_processes_and_product_use"", ""gas:N2O"", ""year:2007""]}"
"IPCC_EFDB_Agriculture,_Forestry_and_Other_Land_Use_Wetlands_CO2_90",Agriculture Forestry and Other Land Use - Wetlands,agriculture,5.2076,kg/TJ,SAM,IPCC_EFDB,0.84,2025-03-13,"['sector:agriculture,_forestry_and_other_land_use', 'gas:CO2', 'year:2014']",False,"{""source"": ""IPCC_EFDB"", ""entity_type"": ""agriculture"", ""tags"": [""sector:agriculture,_forestry_and_other_land_use"", ""gas:CO2"", ""year:2014""]}"
"IPCC_EFDB_Agriculture,_Forestry_and_Other_Land_Use_Forestry_PFCs_91",Agriculture Forestry and Other Land Use - Forestry,agriculture,0.0128,kg/unit,GLB,IPCC_EFDB,0.91,2025-03-13,"['sector:agriculture,_forestry_and_other_land_use', 'gas:PFCs', 'year:2011']",False,"{""source"": ""IPCC_EFDB"", ""entity_type"": ""agriculture"", ""tags"": [""sector:agriculture,_forestry_and_other_land_use"", ""gas:PFCs"", ""year:2011""]}"
"IPCC_EFDB_Agriculture,_Forestry_and_Other_Land_Use_Wetlands_CO2_92",Agriculture Forestry and Other Land Use - Wetlands,agriculture,2.3757,t/TJ,NAM,IPCC_EFDB,0.88,2025-03-13,"['sector:agriculture,_forestry_and_other_land_use', 'gas:CO2', 'year:2006']",False,"{""source"": ""IPCC_EFDB"", ""entity_type"": ""agriculture"", ""tags"": [""sector:agriculture,_forestry_and_other_land_use"", ""gas:CO2"", ""year:2006""]}"
"IPCC_EFDB_Agriculture,_Forestry_and_Other_Land_Use_Livestock_N2O_93",Agriculture Forestry and Other Land Use - Livestock,agriculture,2.4344,kg/head,AFR,IPCC_EFDB,0.78,2025-03-13,"['sector:agriculture,_forestry_and_other_land_use', 'gas:N2O', 'year:2013']",False,"{""source"": ""IPCC_EFDB"", ""entity_type"": ""agriculture"", ""tags"": [""sector:agriculture,_forestry_and_other_land_use"", ""gas:N2O"", ""year:2013""]}"
"IPCC_EFDB_Agriculture,_Forestry_and_Other_Land_Use_Cropland_CH4_94",Agriculture Forestry and Other Land Use - Cropland,agriculture,2.1729,kg/head,ASI,IPCC_EFDB,0.84,2025-03-13,"['sector:agriculture,_forestry_and_other_land_use', 'gas:CH4', 'year:2011']",False,"{""source"": ""IPCC_EFDB"", ""entity_type"": ""agriculture"", ""tags"": [""sector:agriculture,_forestry_and_other_land_use"", ""gas:CH4"", ""year:2011""]}"
"IPCC_EFDB_Agriculture,_Forestry_and_Other_Land_Use_Cropland_CO2_95",Agriculture Forestry and Other Land Use - Cropland,agriculture,29.2411,kg/TJ,NAM,IPCC_EFDB,0.58,2025-03-13,"['sector:agriculture,_forestry_and_other_land_use', 'gas:CO2', 'year:2021']",False,"{""source"": ""IPCC_EFDB"", ""entity_type"": ""agriculture"", ""tags"": [""sector:agriculture,_forestry_and_other_land_use"", ""gas:CO2"", ""year:2021""]}"
"IPCC_EFDB_Agriculture,_Forestry_and_Other_Land_Use_Forestry_NF3_96",Agriculture Forestry and Other Land Use - Forestry,agriculture,0.0374,kg/unit,ASI,IPCC_EFDB,0.58,2025-03-13,"['sector:agriculture,_forestry_and_other_land_use', 'gas:NF3', 'year:2020']",False,"{""source"": ""IPCC_EFDB"", ""entity_type"": ""agriculture"", ""tags"": [""sector:agriculture,_forestry_and_other_land_use"", ""gas:NF3"", ""year:2020""]}"
"IPCC_EFDB_Agriculture,_Forestry_and_Other_Land_Use_Cropland_N2O_97",Agriculture Forestry and Other Land Use - Cropland,agriculture,1.697,kg/ha,AFR,IPCC_EFDB,0.95,2025-03-13,"['sector:agriculture,_forestry_and_other_land_use', 'gas:N2O', 'year:2015']",False,"{""source"": ""IPCC_EFDB"", ""entity_type"": ""agriculture"", ""tags"": [""sector:agriculture,_forestry_and_other_land_use"", ""gas:N2O"", ""year:2015""]}"
"IPCC_EFDB_Agriculture,_Forestry_and_Other_Land_Use_Livestock_CH4_98",Agriculture Forestry and Other Land Use - Livestock,agriculture,0.1559,kg/head,AFR,IPCC_EFDB,0.5,2025-03-13,"['sector:agriculture,_forestry_and_other_land_use', 'gas:CH4', 'year:2012']",False,"{""source"": ""IPCC_EFDB"", ""entity_type"": ""agriculture"", ""tags"": [""sector:agriculture,_forestry_and_other_land_use"", ""gas:CH4"", ""year:2012""]}"
"IPCC_EFDB_Agriculture,_Forestry_and_Other_Land_Use_Forestry_CO2_99",Agriculture Forestry and Other Land Use - Forestry,agriculture,3.5601,kg/TJ,EUR,IPCC_EFDB,0.63,2025-03-13,"['sector:agriculture,_forestry_and_other_land_use', 'gas:CO2', 'year:2006']",False,"{""source"": ""IPCC_EFDB"", ""entity_type"": ""agriculture"", ""tags"": [""sector:agriculture,_forestry_and_other_land_use"", ""gas:CO2"", ""year:2006""]}"
"IPCC_EFDB_Agriculture,_Forestry_and_Other_Land_Use_Wetlands_CO2_100",Agriculture Forestry and Other Land Use - Wetlands,agriculture,3.7065,kg/TJ,NAM,IPCC_EFDB,0.68,2025-03-13,"['sector:agriculture,_forestry_and_other_land_use', 'gas:CO2', 'year:2012']",False,"{""source"": ""IPCC_EFDB"", ""entity_type"": ""agriculture"", ""tags"": [""sector:agriculture,_forestry_and_other_land_use"", ""gas:CO2"", ""year:2012""]}"
"IPCC_EFDB_Agriculture,_Forestry_and_Other_Land_Use_Forestry_N2O_101",Agriculture Forestry and Other Land Use - Forestry,agriculture,0.3538,kg/head,EUR,IPCC_EFDB,0.78,2025-03-13,"['sector:agriculture,_forestry_and_other_land_use', 'gas:N2O', 'year:2019']",False,"{""source"": ""IPCC_EFDB"", ""entity_type"": ""agriculture"", ""tags"": [""sector:agriculture,_forestry_and_other_land_use"", ""gas:N2O"", ""year:2019""]}"
"IPCC_EFDB_Agriculture,_Forestry_and_Other_Land_Use_Cropland_CO2_102",Agriculture Forestry and Other Land Use - Cropland,agriculture,6.9355,t/TJ,EUR,IPCC_EFDB,0.71,2025-03-13,"['sector:agriculture,_forestry_and_other_land_use', 'gas:CO2', 'year:2012']",False,"{""source"": ""IPCC_EFDB"", ""entity_type"": ""agriculture"", ""tags"": [""sector:agriculture,_forestry_and_other_land_use"", ""gas:CO2"", ""year:2012""]}"
"IPCC_EFDB_Agriculture,_Forestry_and_Other_Land_Use_Wetlands_CO2_103",Agriculture Forestry and Other Land Use - Wetlands,agriculture,5.006,kg/t,SAM,IPCC_EFDB,0.8,2025-03-13,"['sector:agriculture,_forestry_and_other_land_use', 'gas:CO2', 'year:2019']",False,"{""source"": ""IPCC_EFDB"", ""entity_type"": ""agriculture"", ""tags"": [""sector:agriculture,_forestry_and_other_land_use"", ""gas:CO2"", ""year:2019""]}"
"IPCC_EFDB_Agriculture,_Forestry_and_Other_Land_Use_Wetlands_CH4_104",Agriculture Forestry and Other Land Use - Wetlands,agriculture,0.8869,kg/ha,AFR,IPCC_EFDB,0.68,2025-03-13,"['sector:agriculture,_forestry_and_other_land_use', 'gas:CH4', 'year:2018']",False,"{""source"": ""IPCC_EFDB"", ""entity_type"": ""agriculture"", ""tags"": [""sector:agriculture,_forestry_and_other_land_use"", ""gas:CH4"", ""year:2018""]}"
"IPCC_EFDB_Agriculture,_Forestry_and_Other_Land_Use_Forestry_CO2_105",Agriculture Forestry and Other Land Use - Forestry,agriculture,13.1081,t/TJ,GLB,IPCC_EFDB,0.59,2025-03-13,"['sector:agriculture,_forestry_and_other_land_use', 'gas:CO2', 'year:2014']",False,"{""source"": ""IPCC_EFDB"", ""entity_type"": ""agriculture"", ""tags"": [""sector:agriculture,_forestry_and_other_land_use"", ""gas:CO2"", ""year:2014""]}"
"IPCC_EFDB_Agriculture,_Forestry_and_Other_Land_Use_Forestry_CH4_106",Agriculture Forestry and Other Land Use - Forestry,agriculture,0.3502,kg/ha,GLB,IPCC_EFDB,0.75,2025-03-13,"['sector:agriculture,_forestry_and_other_land_use', 'gas:CH4', 'year:2009']",False,"{""source"": ""IPCC_EFDB"", ""entity_type"": ""agriculture"", ""tags"": [""sector:agriculture,_forestry_and_other_land_use"", ""gas:CH4"", ""year:2009""]}"
"IPCC_EFDB_Agriculture,_Forestry_and_Other_Land_Use_Livestock_CO2_107",Agriculture Forestry and Other Land Use - Livestock,agriculture,16.402,t/TJ,OCE,IPCC_EFDB,0.73,2025-03-13,"['sector:agriculture,_forestry_and_other_land_use', 'gas:CO2', 'year:2009']",False,"{""source"": ""IPCC_EFDB"", ""entity_type"": ""agriculture"", ""tags"": [""sector:agriculture,_forestry_and_other_land_use"", ""gas:CO2"", ""year:2009""]}"
"IPCC_EFDB_Agriculture,_Forestry_and_Other_Land_Use_Livestock_CO2_108",Agriculture Forestry and Other Land Use - Livestock,agriculture,5.9105,kg/t,AFR,IPCC_EFDB,0.86,2025-03-13,"['sector:agriculture,_forestry_and_other_land_use', 'gas:CO2', 'year:2014']",False,"{""source"": ""IPCC_EFDB"", ""entity_type"": ""agriculture"", ""tags"": [""sector:agriculture,_forestry_and_other_land_use"", ""gas:CO2"", ""year:2014""]}"
"IPCC_EFDB_Agriculture,_Forestry_and_Other_Land_Use_Cropland_N2O_109",Agriculture Forestry and Other Land Use - Cropland,agriculture,0.4824,kg/TJ,NAM,IPCC_EFDB,0.91,2025-03-13,"['sector:agriculture,_forestry_and_other_land_use', 'gas:N2O', 'year:2012']",False,"{""source"": ""IPCC_EFDB"", ""entity_type"": ""agriculture"", ""tags"": [""sector:agriculture,_forestry_and_other_land_use"", ""gas:N2O"", ""year:2012""]}"
"IPCC_EFDB_Agriculture,_Forestry_and_Other_Land_Use_Forestry_CO2_110",Agriculture Forestry and Other Land Use - Forestry,agriculture,44.0955,kg/kWh,ASI,IPCC_EFDB,0.57,2025-03-13,"['sector:agriculture,_forestry_and_other_land_use', 'gas:CO2', 'year:2010']",True,"{""source"": ""IPCC_EFDB"", ""entity_type"": ""agriculture"", ""tags"": [""sector:agriculture,_forestry_and_other_land_use"", ""gas:CO2"", ""year:2010""]}"
"IPCC_EFDB_Agriculture,_Forestry_and_Other_Land_Use_Livestock_PFCs_111",Agriculture Forestry and Other Land Use - Livestock,agriculture,0.0561,kg/year,NAM,IPCC_EFDB,0.75,2025-03-13,"['sector:agriculture,_forestry_and_other_land_use', 'gas:PFCs', 'year:2022']",False,"{""source"": ""IPCC_EFDB"", ""entity_type"": ""agriculture"", ""tags"": [""sector:agriculture,_forestry_and_other_land_use"", ""gas:PFCs"", ""year:2022""]}"
"IPCC_EFDB_Agriculture,_Forestry_and_Other_Land_Use_Cropland_CO2_112",Agriculture Forestry and Other Land Use - Cropland,agriculture,2.9748,kg/t,AFR,IPCC_EFDB,0.91,2025-03-13,"['sector:agriculture,_forestry_and_other_land_use', 'gas:CO2', 'year:2016']",False,"{""source"": ""IPCC_EFDB"", ""entity_type"": ""agriculture"", ""tags"": [""sector:agriculture,_forestry_and_other_land_use"", ""gas:CO2"", ""year:2016""]}"
"IPCC_EFDB_Agriculture,_Forestry_and_Other_Land_Use_Wetlands_CO2_113",Agriculture Forestry and Other Land Use - Wetlands,agriculture,23.4189,kg/kWh,NAM,IPCC_EFDB,0.59,2025-03-13,"['sector:agriculture,_forestry_and_other_land_use', 'gas:CO2', 'year:2009']",False,"{""source"": ""IPCC_EFDB"", ""entity_type"": ""agriculture"", ""tags"": [""sector:agriculture,_forestry_and_other_land_use"", ""gas:CO2"", ""year:2009""]}"
"IPCC_EFDB_Agriculture,_Forestry_and_Other_Land_Use_Forestry_CO2_114",Agriculture Forestry and Other Land Use - Forestry,agriculture,29.1837,kg/kWh,SAM,IPCC_EFDB,0.92,2025-03-13,"['sector:agriculture,_forestry_and_other_land_use', 'gas:CO2', 'year:2013']",False,"{""source"": ""IPCC_EFDB"", ""entity_type"": ""agriculture"", ""tags"": [""sector:agriculture,_forestry_and_other_land_use"", ""gas:CO2"", ""year:2013""]}"
"IPCC_EFDB_Agriculture,_Forestry_and_Other_Land_Use_Forestry_CO2_115",Agriculture Forestry and Other Land Use - Forestry,agriculture,2.8761,kg/kWh,NAM,IPCC_EFDB,0.91,2025-03-13,"['sector:agriculture,_forestry_and_other_land_use', 'gas:CO2', 'year:2013']",False,"{""source"": ""IPCC_EFDB"", ""entity_type"": ""agriculture"", ""tags"": [""sector:agriculture,_forestry_and_other_land_use"", ""gas:CO2"", ""year:2013""]}"
"IPCC_EFDB_Agriculture,_Forestry_and_Other_Land_Use_Forestry_CH4_116",Agriculture Forestry and Other Land Use - Forestry,agriculture,0.3209,kg/TJ,AFR,IPCC_EFDB,0.51,2025-03-13,"['sector:agriculture,_forestry_and_other_land_use', 'gas:CH4', 'year:2021']",False,"{""source"": ""IPCC_EFDB"", ""entity_type"": ""agriculture"", ""tags"": [""sector:agriculture,_forestry_and_other_land_use"", ""gas:CH4"", ""year:2021""]}"
"IPCC_EFDB_Agriculture,_Forestry_and_Other_Land_Use_Livestock_N2O_117",Agriculture Forestry and Other Land Use - Livestock,agriculture,0.4258,g/GJ,SAM,IPCC_EFDB,0.55,2025-03-13,"['sector:agriculture,_forestry_and_other_land_use', 'gas:N2O', 'year:2007']",False,"{""source"": ""IPCC_EFDB"", ""entity_type"": ""agriculture"", ""tags"": [""sector:agriculture,_forestry_and_other_land_use"", ""gas:N2O"", ""year:2007""]}"
"IPCC_EFDB_Agriculture,_Forestry_and_Other_Land_Use_Land_CH4_118",Agriculture Forestry and Other Land Use - Land,agriculture,1.0861,kg/ha,GLB,IPCC_EFDB,0.58,2025-03-13,"['sector:agriculture,_forestry_and_other_land_use', 'gas:CH4', 'year:2008']",False,"{""source"": ""IPCC_EFDB"", ""entity_type"": ""agriculture"", ""tags"": [""sector:agriculture,_forestry_and_other_land_use"", ""gas:CH4"", ""year:2008""]}"
"IPCC_EFDB_Agriculture,_Forestry_and_Other_Land_Use_Land_PFCs_119",Agriculture Forestry and Other Land Use - Land,agriculture,0.0305,kg/unit,NAM,IPCC_EFDB,0.7,2025-03-13,"['sector:agriculture,_forestry_and_other_land_use', 'gas:PFCs', 'year:2020']",False,"{""source"": ""IPCC_EFDB"", ""entity_type"": ""agriculture"", ""tags"": [""sector:agriculture,_forestry_and_other_land_use"", ""gas:PFCs"", ""year:2020""]}"
"IPCC_EFDB_Agriculture,_Forestry_and_Other_Land_Use_Forestry_CO2_120",Agriculture Forestry and Other Land Use - Forestry,agriculture,4.1185,kg/t,ASI,IPCC_EFDB,0.53,2025-03-13,"['sector:agriculture,_forestry_and_other_land_use', 'gas:CO2', 'year:2010']",False,"{""source"": ""IPCC_EFDB"", ""entity_type"": ""agriculture"", ""tags"": [""sector:agriculture,_forestry_and_other_land_use"", ""gas:CO2"", ""year:2010""]}"
"IPCC_EFDB_Agriculture,_Forestry_and_Other_Land_Use_Land_N2O_121",Agriculture Forestry and Other Land Use - Land,agriculture,1.3304,g/GJ,ASI,IPCC_EFDB,0.9,2025-03-13,"['sector:agriculture,_forestry_and_other_land_use', 'gas:N2O', 'year:2021']",False,"{""source"": ""IPCC_EFDB"", ""entity_type"": ""agriculture"", ""tags"": [""sector:agriculture,_forestry_and_other_land_use"", ""gas:N2O"", ""year:2021""]}"
"IPCC_EFDB_Agriculture,_Forestry_and_Other_Land_Use_Livestock_N2O_122",Agriculture Forestry and Other Land Use - Livestock,agriculture,0.2739,g/GJ,GLB,IPCC_EFDB,0.76,2025-03-13,"['sector:agriculture,_forestry_and_other_land_use', 'gas:N2O', 'year:2017']",False,"{""source"": ""IPCC_EFDB"", ""entity_type"": ""agriculture"", ""tags"": [""sector:agriculture,_forestry_and_other_land_use"", ""gas:N2O"", ""year:2017""]}"
"IPCC_EFDB_Agriculture,_Forestry_and_Other_Land_Use_Wetlands_NF3_123",Agriculture Forestry and Other Land Use - Wetlands,agriculture,0.0199,kg/year,NAM,IPCC_EFDB,0.56,2025-03-13,"['sector:agriculture,_forestry_and_other_land_use', 'gas:NF3', 'year:2015']",False,"{""source"": ""IPCC_EFDB"", ""entity_type"": ""agriculture"", ""tags"": [""sector:agriculture,_forestry_and_other_land_use"", ""gas:NF3"", ""year:2015""]}"
"IPCC_EFDB_Agriculture,_Forestry_and_Other_Land_Use_Wetlands_HFCs_124",Agriculture Forestry and Other Land Use - Wetlands,agriculture,0.0547,g/kg,OCE,IPCC_EFDB,0.86,2025-03-13,"['sector:agriculture,_forestry_and_other_land_use', 'gas:HFCs', 'year:2019']",False,"{""source"": ""IPCC_EFDB"", ""entity_type"": ""agriculture"", ""tags"": [""sector:agriculture,_forestry_and_other_land_use"", ""gas:HFCs"", ""year:2019""]}"
"IPCC_EFDB_Agriculture,_Forestry_and_Other_Land_Use_Forestry_CO2_125",Agriculture Forestry and Other Land Use - Forestry,agriculture,5.8619,kg/kWh,SAM,IPCC_EFDB,0.62,2025-03-13,"['sector:agriculture,_forestry_and_other_land_use', 'gas:CO2', 'year:2009']",False,"{""source"": ""IPCC_EFDB"", ""entity_type"": ""agriculture"", ""tags"": [""sector:agriculture,_forestry_and_other_land_use"", ""gas:CO2"", ""year:2009""]}"
"IPCC_EFDB_Agriculture,_Forestry_and_Other_Land_Use_Wetlands_CO2_126",Agriculture Forestry and Other Land Use - Wetlands,agriculture,1.7101,kg/kWh,SAM,IPCC_EFDB,0.61,2025-03-13,"['sector:agriculture,_forestry_and_other_land_use', 'gas:CO2', 'year:2022']",False,"{""source"": ""IPCC_EFDB"", ""entity_type"": ""agriculture"", ""tags"": [""sector:agriculture,_forestry_and_other_land_use"", ""gas:CO2"", ""year:2022""]}"
"IPCC_EFDB_Agriculture,_Forestry_and_Other_Land_Use_Land_CO2_127",Agriculture Forestry and Other Land Use - Land,agriculture,6.215,t/TJ,SAM,IPCC_EFDB,0.67,2025-03-13,"['sector:agriculture,_forestry_and_other_land_use', 'gas:CO2', 'year:2019']",False,"{""source"": ""IPCC_EFDB"", ""entity_type"": ""agriculture"", ""tags"": [""sector:agriculture,_forestry_and_other_land_use"", ""gas:CO2"", ""year:2019""]}"
"IPCC_EFDB_Agriculture,_Forestry_and_Other_Land_Use_Wetlands_CH4_128",Agriculture Forestry and Other Land Use - Wetlands,agriculture,0.4343,kg/TJ,SAM,IPCC_EFDB,0.6,2025-03-13,"['sector:agriculture,_forestry_and_other_land_use', 'gas:CH4', 'year:2022']",False,"{""source"": ""IPCC_EFDB"", ""entity_type"": ""agriculture"", ""tags"": [""sector:agriculture,_forestry_and_other_land_use"", ""gas:CH4"", ""year:2022""]}"
"IPCC_EFDB_Agriculture,_Forestry_and_Other_Land_Use_Cropland_CO2_129",Agriculture Forestry and Other Land Use - Cropland,agriculture,7.5056,kg/kWh,EUR,IPCC_EFDB,0.63,2025-03-13,"['sector:agriculture,_forestry_and_other_land_use', 'gas:CO2', 'year:2016']",False,"{""source"": ""IPCC_EFDB"", ""entity_type"": ""agriculture"", ""tags"": [""sector:agriculture,_forestry_and_other_land_use"", ""gas:CO2"", ""year:2016""]}"
"IPCC_EFDB_Agriculture,_Forestry_and_Other_Land_Use_Wetlands_CH4_130",Agriculture Forestry and Other Land Use - Wetlands,agriculture,7.7268,g/GJ,EUR,IPCC_EFDB,0.82,2025-03-13,"['sector:agriculture,_forestry_and_other_land_use', 'gas:CH4', 'year:2022']",False,"{""source"": ""IPCC_EFDB"", ""entity_type"": ""agriculture"", ""tags"": [""sector:agriculture,_forestry_and_other_land_use"", ""gas:CH4"", ""year:2022""]}"
"IPCC_EFDB_Agriculture,_Forestry_and_Other_Land_Use_Livestock_CO2_131",Agriculture Forestry and Other Land Use - Livestock,agriculture,0.8328,kg/kWh,GLB,IPCC_EFDB,0.95,2025-03-13,"['sector:agriculture,_forestry_and_other_land_use', 'gas:CO2', 'year:2021']",False,"{""source"": ""IPCC_EFDB"", ""entity_type"": ""agriculture"", ""tags"": [""sector:agriculture,_forestry_and_other_land_use"", ""gas:CO2"", ""year:2021""]}"
"IPCC_EFDB_Agriculture,_Forestry_and_Other_Land_Use_Forestry_CO2_132",Agriculture Forestry and Other Land Use - Forestry,agriculture,4.6605,t/TJ,NAM,IPCC_EFDB,0.69,2025-03-13,"['sector:agriculture,_forestry_and_other_land_use', 'gas:CO2', 'year:2011']",False,"{""source"": ""IPCC_EFDB"", ""entity_type"": ""agriculture"", ""tags"": [""sector:agriculture,_forestry_and_other_land_use"", ""gas:CO2"", ""year:2011""]}"
"IPCC_EFDB_Agriculture,_Forestry_and_Other_Land_Use_Cropland_CO2_133",Agriculture Forestry and Other Land Use - Cropland,agriculture,12.1074,kg/TJ,SAM,IPCC_EFDB,0.51,2025-03-13,"['sector:agriculture,_forestry_and_other_land_use', 'gas:CO2', 'year:2014']",False,"{""source"": ""IPCC_EFDB"", ""entity_type"": ""agriculture"", ""tags"": [""sector:agriculture,_forestry_and_other_land_use"", ""gas:CO2"", ""year:2014""]}"
"IPCC_EFDB_Agriculture,_Forestry_and_Other_Land_Use_Livestock_CO2_134",Agriculture Forestry and Other Land Use - Livestock,agriculture,8.0206,t/TJ,ASI,IPCC_EFDB,0.87,2025-03-13,"['sector:agriculture,_forestry_and_other_land_use', 'gas:CO2', 'year:2018']",False,"{""source"": ""IPCC_EFDB"", ""entity_type"": ""agriculture"", ""tags"": [""sector:agriculture,_forestry_and_other_land_use"", ""gas:CO2"", ""year:2018""]}"
"IPCC_EFDB_Agriculture,_Forestry_and_Other_Land_Use_Wetlands_CO2_135",Agriculture Forestry and Other Land Use - Wetlands,agriculture,7.2345,kg/TJ,EUR,IPCC_EFDB,0.71,2025-03-13,"['sector:agriculture,_forestry_and_other_land_use', 'gas:CO2', 'year:2011']",False,"{""source"": ""IPCC_EFDB"", ""entity_type"": ""agriculture"", ""tags"": [""sector:agriculture,_forestry_and_other_land_use"", ""gas:CO2"", ""year:2011""]}"
"IPCC_EFDB_Agriculture,_Forestry_and_Other_Land_Use_Cropland_CO2_136",Agriculture Forestry and Other Land Use - Cropland,agriculture,59.5157,kg/kWh,NAM,IPCC_EFDB,0.6,2025-03-13,"['sector:agriculture,_forestry_and_other_land_use', 'gas:CO2', 'year:2007']",True,"{""source"": ""IPCC_EFDB"", ""entity_type"": ""agriculture"", ""tags"": [""sector:agriculture,_forestry_and_other_land_use"", ""gas:CO2"", ""year:2007""]}"
"IPCC_EFDB_Agriculture,_Forestry_and_Other_Land_Use_Forestry_CO2_137",Agriculture Forestry and Other Land Use - Forestry,agriculture,8.3363,kg/kWh,NAM,IPCC_EFDB,0.57,2025-03-13,"['sector:agriculture,_forestry_and_other_land_use', 'gas:CO2', 'year:2017']",False,"{""source"": ""IPCC_EFDB"", ""entity_type"": ""agriculture"", ""tags"": [""sector:agriculture,_forestry_and_other_land_use"", ""gas:CO2"", ""year:2017""]}"
"IPCC_EFDB_Agriculture,_Forestry_and_Other_Land_Use_Livestock_CO2_138",Agriculture Forestry and Other Land Use - Livestock,agriculture,1.6088,t/TJ,EUR,IPCC_EFDB,0.93,2025-03-13,"['sector:agriculture,_forestry_and_other_land_use', 'gas:CO2', 'year:2011']",False,"{""source"": ""IPCC_EFDB"", ""entity_type"": ""agriculture"", ""tags"": [""sector:agriculture,_forestry_and_other_land_use"", ""gas:CO2"", ""year:2011""]}"
"IPCC_EFDB_Agriculture,_Forestry_and_Other_Land_Use_Wetlands_CH4_139",Agriculture Forestry and Other Land Use - Wetlands,agriculture,0.3183,g/GJ,OCE,IPCC_EFDB,0.63,2025-03-13,"['sector:agriculture,_forestry_and_other_land_use', 'gas:CH4', 'year:2022']",False,"{""source"": ""IPCC_EFDB"", ""entity_type"": ""agriculture"", ""tags"": [""sector:agriculture,_forestry_and_other_land_use"", ""gas:CH4"", ""year:2022""]}"
"IPCC_EFDB_Agriculture,_Forestry_and_Other_Land_Use_Land_HFCs_140",Agriculture Forestry and Other Land Use - Land,agriculture,0.0919,kg/unit,AFR,IPCC_EFDB,0.56,2025-03-13,"['sector:agriculture,_forestry_and_other_land_use', 'gas:HFCs', 'year:2010']",False,"{""source"": ""IPCC_EFDB"", ""entity_type"": ""agriculture"", ""tags"": [""sector:agriculture,_forestry_and_other_land_use"", ""gas:HFCs"", ""year:2010""]}"
"IPCC_EFDB_Agriculture,_Forestry_and_Other_Land_Use_Cropland_HFCs_141",Agriculture Forestry and Other Land Use - Cropland,agriculture,0.0577,kg/unit,SAM,IPCC_EFDB,0.87,2025-03-13,"['sector:agriculture,_forestry_and_other_land_use', 'gas:HFCs', 'year:2016']",False,"{""source"": ""IPCC_EFDB"", ""entity_type"": ""agriculture"", ""tags"": [""sector:agriculture,_forestry_and_other_land_use"", ""gas:HFCs"", ""year:2016""]}"
"IPCC_EFDB_Agriculture,_Forestry_and_Other_Land_Use_Cropland_CO2_142",Agriculture Forestry and Other Land Use - Cropland,agriculture,15.0786,kg/kWh,OCE,IPCC_EFDB,0.83,2025-03-13,"['sector:agriculture,_forestry_and_other_land_use', 'gas:CO2', 'year:2016']",False,"{""source"": ""IPCC_EFDB"", ""entity_type"": ""agriculture"", ""tags"": [""sector:agriculture,_forestry_and_other_land_use"", ""gas:CO2"", ""year:2016""]}"
"IPCC_EFDB_Agriculture,_Forestry_and_Other_Land_Use_Livestock_CO2_143",Agriculture Forestry and Other Land Use - Livestock,agriculture,9.4497,kg/kWh,GLB,IPCC_EFDB,0.52,2025-03-13,"['sector:agriculture,_forestry_and_other_land_use', 'gas:CO2', 'year:2010']",False,"{""source"": ""IPCC_EFDB"", ""entity_type"": ""agriculture"", ""tags"": [""sector:agriculture,_forestry_and_other_land_use"", ""gas:CO2"", ""year:2010""]}"
"IPCC_EFDB_Agriculture,_Forestry_and_Other_Land_Use_Livestock_CO2_144",Agriculture Forestry and Other Land Use - Livestock,agriculture,4.1003,kg/kWh,AFR,IPCC_EFDB,0.79,2025-03-13,"['sector:agriculture,_forestry_and_other_land_use', 'gas:CO2', 'year:2007']",False,"{""source"": ""IPCC_EFDB"", ""entity_type"": ""agriculture"", ""tags"": [""sector:agriculture,_forestry_and_other_land_use"", ""gas:CO2"", ""year:2007""]}"
"IPCC_EFDB_Agriculture,_Forestry_and_Other_Land_Use_Land_CO2_145",Agriculture Forestry and Other Land Use - Land,agriculture,17.2219,kg/kWh,OCE,IPCC_EFDB,0.53,2025-03-13,"['sector:agriculture,_forestry_and_other_land_use', 'gas:CO2', 'year:2015']",False,"{""source"": ""IPCC_EFDB"", ""entity_type"": ""agriculture"", ""tags"": [""sector:agriculture,_forestry_and_other_land_use"", ""gas:CO2"", ""year:2015""]}"
"IPCC_EFDB_Agriculture,_Forestry_and_Other_Land_Use_Livestock_CO2_146",Agriculture Forestry and Other Land Use - Livestock,agriculture,18.648,t/TJ,ASI,IPCC_EFDB,0.6,2025-03-13,"['sector:agriculture,_forestry_and_other_land_use', 'gas:CO2', 'year:2014']",False,"{""source"": ""IPCC_EFDB"", ""entity_type"": ""agriculture"", ""tags"": [""sector:agriculture,_forestry_and_other_land_use"", ""gas:CO2"", ""year:2014""]}"
"IPCC_EFDB_Agriculture,_Forestry_and_Other_Land_Use_Wetlands_CO2_147",Agriculture Forestry and Other Land Use - Wetlands,agriculture,22.3738,kg/kWh,AFR,IPCC_EFDB,0.82,2025-03-13,"['sector:agriculture,_forestry_and_other_land_use', 'gas:CO2', 'year:2018']",False,"{""source"": ""IPCC_EFDB"", ""entity_type"": ""agriculture"", ""tags"": [""sector:agriculture,_forestry_and_other_land_use"", ""gas:CO2"", ""year:2018""]}"
"IPCC_EFDB_Agriculture,_Forestry_and_Other_Land_Use_Livestock_CO2_148",Agriculture Forestry and Other Land Use - Livestock,agriculture,20.1312,kg/t,NAM,IPCC_EFDB,0.59,2025-03-13,"['sector:agriculture,_forestry_and_other_land_use', 'gas:CO2', 'year:2020']",False,"{""source"": ""IPCC_EFDB"", ""entity_type"": ""agriculture"", ""tags"": [""sector:agriculture,_forestry_and_other_land_use"", ""gas:CO2"", ""year:2020""]}"
"IPCC_EFDB_Agriculture,_Forestry_and_Other_Land_Use_Forestry_CO2_149",Agriculture Forestry and Other Land Use - Forestry,agriculture,7.2495,kg/kWh,ASI,IPCC_EFDB,0.57,2025-03-13,"['sector:agriculture,_forestry_and_other_land_use', 'gas:CO2', 'year:2012']",False,"{""source"": ""IPCC_EFDB"", ""entity_type"": ""agriculture"", ""tags"": [""sector:agriculture,_forestry_and_other_land_use"", ""gas:CO2"", ""year:2012""]}"
IPCC_EFDB_Waste_Solid_Waste_Disposal_N2O_150,Waste - Solid Waste Disposal,waste,0.6291,g/GJ,SAM,IPCC_EFDB,0.6,2025-03-13,"['sector:waste', 'gas:N2O', 'year:2007']",False,"{""source"": ""IPCC_EFDB"", ""entity_type"": ""waste"", ""tags"": [""sector:waste"", ""gas:N2O"", ""year:2007""]}"
IPCC_EFDB_Waste_Wastewater_Treatment_N2O_151,Waste - Wastewater Treatment,waste,1.4801,g/GJ,GLB,IPCC_EFDB,0.77,2025-03-13,"['sector:waste', 'gas:N2O', 'year:2022']",False,"{""source"": ""IPCC_EFDB"", ""entity_type"": ""waste"", ""tags"": [""sector:waste"", ""gas:N2O"", ""year:2022""]}"
IPCC_EFDB_Waste_Solid_Waste_Disposal_CO2_152,Waste - Solid Waste Disposal,waste,9.0467,kg/t,EUR,IPCC_EFDB,0.51,2025-03-13,"['sector:waste', 'gas:CO2', 'year:2006']",False,"{""source"": ""IPCC_EFDB"", ""entity_type"": ""waste"", ""tags"": [""sector:waste"", ""gas:CO2"", ""year:2006""]}"
IPCC_EFDB_Waste_Wastewater_Treatment_CO2_153,Waste - Wastewater Treatment,waste,2.8577,kg/TJ,OCE,IPCC_EFDB,0.87,2025-03-13,"['sector:waste', 'gas:CO2', 'year:2017']",False,"{""source"": ""IPCC_EFDB"", ""entity_type"": ""waste"", ""tags"": [""sector:waste"", ""gas:CO2"", ""year:2017""]}"
IPCC_EFDB_Waste_Incineration_CH4_154,Waste - Incineration,waste,1.9699,kg/TJ,OCE,IPCC_EFDB,0.62,2025-03-13,"['sector:waste', 'gas:CH4', 'year:2022']",False,"{""source"": ""IPCC_EFDB"", ""entity_type"": ""waste"", ""tags"": [""sector:waste"", ""gas:CH4"", ""year:2022""]}"
IPCC_EFDB_Waste_Composting_CH4_155,Waste - Composting,waste,1.6659,kg/head,EUR,IPCC_EFDB,0.87,2025-03-13,"['sector:waste', 'gas:CH4', 'year:2016']",False,"{""source"": ""IPCC_EFDB"", ""entity_type"": ""waste"", ""tags"": [""sector:waste"", ""gas:CH4"", ""year:2016""]}"
IPCC_EFDB_Waste_Wastewater_Treatment_CH4_156,Waste - Wastewater Treatment,waste,0.918,g/GJ,AFR,IPCC_EFDB,0.89,2025-03-13,"['sector:waste', 'gas:CH4', 'year:2022']",False,"{""source"": ""IPCC_EFDB"", ""entity_type"": ""waste"", ""tags"": [""sector:waste"", ""gas:CH4"", ""year:2022""]}"
IPCC_EFDB_Waste_Wastewater_Treatment_CO2_157,Waste - Wastewater Treatment,waste,1.5426,kg/kWh,NAM,IPCC_EFDB,0.59,2025-03-13,"['sector:waste', 'gas:CO2', 'year:2014']",False,"{""source"": ""IPCC_EFDB"", ""entity_type"": ""waste"", ""tags"": [""sector:waste"", ""gas:CO2"", ""year:2014""]}"
IPCC_EFDB_Waste_Composting_CO2_158,Waste - Composting,waste,4.2897,kg/kWh,NAM,IPCC_EFDB,0.94,2025-03-13,"['sector:waste', 'gas:CO2', 'year:2013']",False,"{""source"": ""IPCC_EFDB"", ""entity_type"": ""waste"", ""tags"": [""sector:waste"", ""gas:CO2"", ""year:2013""]}"
IPCC_EFDB_Waste_Wastewater_Treatment_CO2_159,Waste - Wastewater Treatment,waste,1.2422,kg/TJ,SAM,IPCC_EFDB,0.63,2025-03-13,"['sector:waste', 'gas:CO2', 'year:2013']",False,"{""source"": ""IPCC_EFDB"", ""entity_type"": ""waste"", ""tags"": [""sector:waste"", ""gas:CO2"", ""year:2013""]}"
IPCC_EFDB_Waste_Wastewater_Treatment_HFCs_160,Waste - Wastewater Treatment,waste,0.0706,g/kg,AFR,IPCC_EFDB,0.51,2025-03-13,"['sector:waste', 'gas:HFCs', 'year:2012']",False,"{""source"": ""IPCC_EFDB"", ""entity_type"": ""waste"", ""tags"": [""sector:waste"", ""gas:HFCs"", ""year:2012""]}"
IPCC_EFDB_Waste_Wastewater_Treatment_CO2_161,Waste - Wastewater Treatment,waste,4.0521,kg/kWh,EUR,IPCC_EFDB,0.51,2025-03-13,"['sector:waste', 'gas:CO2', 'year:2015']",False,"{""source"": ""IPCC_EFDB"", ""entity_type"": ""waste"", ""tags"": [""sector:waste"", ""gas:CO2"", ""year:2015""]}"
IPCC_EFDB_Waste_Wastewater_Treatment_CO2_162,Waste - Wastewater Treatment,waste,2.983,kg/TJ,SAM,IPCC_EFDB,0.77,2025-03-13,"['sector:waste', 'gas:CO2', 'year:2020']",False,"{""source"": ""IPCC_EFDB"", ""entity_type"": ""waste"", ""tags"": [""sector:waste"", ""gas:CO2"", ""year:2020""]}"
IPCC_EFDB_Waste_Solid_Waste_Disposal_CH4_163,Waste - Solid Waste Disposal,waste,1.3293,kg/head,OCE,IPCC_EFDB,0.64,2025-03-13,"['sector:waste', 'gas:CH4', 'year:2016']",False,"{""source"": ""IPCC_EFDB"", ""entity_type"": ""waste"", ""tags"": [""sector:waste"", ""gas:CH4"", ""year:2016""]}"
IPCC_EFDB_Waste_Wastewater_Treatment_CO2_164,Waste - Wastewater Treatment,waste,17.8278,kg/TJ,ASI,IPCC_EFDB,0.88,2025-03-13,"['sector:waste', 'gas:CO2', 'year:2016']",False,"{""source"": ""IPCC_EFDB"", ""entity_type"": ""waste"", ""tags"": [""sector:waste"", ""gas:CO2"", ""year:2016""]}"
IPCC_EFDB_Waste_Solid_Waste_Disposal_CO2_165,Waste - Solid Waste Disposal,waste,1.6733,kg/kWh,OCE,IPCC_EFDB,0.54,2025-03-13,"['sector:waste', 'gas:CO2', 'year:2020']",False,"{""source"": ""IPCC_EFDB"", ""entity_type"": ""waste"", ""tags"": [""sector:waste"", ""gas:CO2"", ""year:2020""]}"
IPCC_EFDB_Waste_Composting_CH4_166,Waste - Composting,waste,1.5731,kg/TJ,GLB,IPCC_EFDB,0.65,2025-03-13,"['sector:waste', 'gas:CH4', 'year:2012']",False,"{""source"": ""IPCC_EFDB"", ""entity_type"": ""waste"", ""tags"": [""sector:waste"", ""gas:CH4"", ""year:2012""]}"
IPCC_EFDB_Waste_Incineration_CO2_167,Waste - Incineration,waste,15.0999,kg/TJ,ASI,IPCC_EFDB,0.71,2025-03-13,"['sector:waste', 'gas:CO2', 'year:2010']",False,"{""source"": ""IPCC_EFDB"", ""entity_type"": ""waste"", ""tags"": [""sector:waste"", ""gas:CO2"", ""year:2010""]}"
IPCC_EFDB_Waste_Composting_CO2_168,Waste - Composting,waste,16.3342,kg/TJ,EUR,IPCC_EFDB,0.64,2025-03-13,"['sector:waste', 'gas:CO2', 'year:2010']",False,"{""source"": ""IPCC_EFDB"", ""entity_type"": ""waste"", ""tags"": [""sector:waste"", ""gas:CO2"", ""year:2010""]}"
IPCC_EFDB_Waste_Composting_SF6_169,Waste - Composting,waste,0.1309,g/kg,SAM,IPCC_EFDB,0.86,2025-03-13,"['sector:waste', 'gas:SF6', 'year:2020']",False,"{""source"": ""IPCC_EFDB"", ""entity_type"": ""waste"", ""tags"": [""sector:waste"", ""gas:SF6"", ""year:2020""]}"
IPCC_EFDB_Waste_Composting_CH4_170,Waste - Composting,waste,2.4322,kg/TJ,OCE,IPCC_EFDB,0.94,2025-03-13,"['sector:waste', 'gas:CH4', 'year:2018']",False,"{""source"": ""IPCC_EFDB"", ""entity_type"": ""waste"", ""tags"": [""sector:waste"", ""gas:CH4"", ""year:2018""]}"
IPCC_EFDB_Waste_Wastewater_Treatment_CO2_171,Waste - Wastewater Treatment,waste,4.3082,kg/t,SAM,IPCC_EFDB,0.56,2025-03-13,"['sector:waste', 'gas:CO2', 'year:2022']",False,"{""source"": ""IPCC_EFDB"", ""entity_type"": ""waste"", ""tags"": [""sector:waste"", ""gas:CO2"", ""year:2022""]}"
IPCC_EFDB_Waste_Wastewater_Treatment_CO2_172,Waste - Wastewater Treatment,waste,0.8663,kg/TJ,ASI,IPCC_EFDB,0.71,2025-03-13,"['sector:waste', 'gas:CO2', 'year:2016']",False,"{""source"": ""IPCC_EFDB"", ""entity_type"": ""waste"", ""tags"": [""sector:waste"", ""gas:CO2"", ""year:2016""]}"
IPCC_EFDB_Waste_Composting_N2O_173,Waste - Composting,waste,0.9403,kg/ha,OCE,IPCC_EFDB,0.82,2025-03-13,"['sector:waste', 'gas:N2O', 'year:2016']",False,"{""source"": ""IPCC_EFDB"", ""entity_type"": ""waste"", ""tags"": [""sector:waste"", ""gas:N2O"", ""year:2016""]}"
IPCC_EFDB_Waste_Wastewater_Treatment_CO2_174,Waste - Wastewater Treatment,waste,4.0322,t/TJ,EUR,IPCC_EFDB,0.54,2025-03-13,"['sector:waste', 'gas:CO2', 'year:2008']",False,"{""source"": ""IPCC_EFDB"", ""entity_type"": ""waste"", ""tags"": [""sector:waste"", ""gas:CO2"", ""year:2008""]}"
IPCC_EFDB_Waste_Solid_Waste_Disposal_CH4_175,Waste - Solid Waste Disposal,waste,1.949,kg/TJ,ASI,IPCC_EFDB,0.62,2025-03-13,"['sector:waste', 'gas:CH4', 'year:2022']",False,"{""source"": ""IPCC_EFDB"", ""entity_type"": ""waste"", ""tags"": [""sector:waste"", ""gas:CH4"", ""year:2022""]}"
IPCC_EFDB_Waste_Composting_CO2_176,Waste - Composting,waste,1.4707,t/TJ,GLB,IPCC_EFDB,0.64,2025-03-13,"['sector:waste', 'gas:CO2', 'year:2010']",False,"{""source"": ""IPCC_EFDB"", ""entity_type"": ""waste"", ""tags"": [""sector:waste"", ""gas:CO2"", ""year:2010""]}"
IPCC_EFDB_Waste_Wastewater_Treatment_CO2_177,Waste - Wastewater Treatment,waste,0.93,kg/kWh,NAM,IPCC_EFDB,0.54,2025-03-13,"['sector:waste', 'gas:CO2', 'year:2011']",False,"{""source"": ""IPCC_EFDB"", ""entity_type"": ""waste"", ""tags"": [""sector:waste"", ""gas:CO2"", ""year:2011""]}"
IPCC_EFDB_Waste_Wastewater_Treatment_PFCs_178,Waste - Wastewater Treatment,waste,0.1007,g/kg,EUR,IPCC_EFDB,0.89,2025-03-13,"['sector:waste', 'gas:PFCs', 'year:2017']",False,"{""source"": ""IPCC_EFDB"", ""entity_type"": ""waste"", ""tags"": [""sector:waste"", ""gas:PFCs"", ""year:2017""]}"
IPCC_EFDB_Waste_Incineration_CO2_179,Waste - Incineration,waste,4.0901,t/TJ,OCE,IPCC_EFDB,0.77,2025-03-13,"['sector:waste', 'gas:CO2', 'year:2014']",False,"{""source"": ""IPCC_EFDB"", ""entity_type"": ""waste"", ""tags"": [""sector:waste"", ""gas:CO2"", ""year:2014""]}"
IPCC_EFDB_Other_Test_Data_CO2_180,Other - Test Data,other,11.0386,kg/TJ,EUR,IPCC_EFDB,0.74,2025-03-13,"['sector:other', 'gas:CO2', 'year:2017']",False,"{""source"": ""IPCC_EFDB"", ""entity_type"": ""other"", ""tags"": [""sector:other"", ""gas:CO2"", ""year:2017""]}"
IPCC_EFDB_Other_Test_Data_CO2_181,Other - Test Data,other,4.1488,kg/t,EUR,IPCC_EFDB,0.7,2025-03-13,"['sector:other', 'gas:CO2', 'year:2018']",False,"{""source"": ""IPCC_EFDB"", ""entity_type"": ""other"", ""tags"": [""sector:other"", ""gas:CO2"", ""year:2018""]}"
IPCC_EFDB_Other_Research_CO2_182,Other - Research,other,43.7085,kg/TJ,AFR,IPCC_EFDB,0.79,2025-03-13,"['sector:other', 'gas:CO2', 'year:2010']",True,"{""source"": ""IPCC_EFDB"", ""entity_type"": ""other"", ""tags"": [""sector:other"", ""gas:CO2"", ""year:2010""]}"
IPCC_EFDB_Other_Research_CH4_183,Other - Research,other,0.3822,kg/TJ,ASI,IPCC_EFDB,0.95,2025-03-13,"['sector:other', 'gas:CH4', 'year:2010']",False,"{""source"": ""IPCC_EFDB"", ""entity_type"": ""other"", ""tags"": [""sector:other"", ""gas:CH4"", ""year:2010""]}"
IPCC_EFDB_Other_Miscellaneous_CO2_184,Other - Miscellaneous,other,21.8199,kg/kWh,OCE,IPCC_EFDB,0.84,2025-03-13,"['sector:other', 'gas:CO2', 'year:2007']",False,"{""source"": ""IPCC_EFDB"", ""entity_type"": ""other"", ""tags"": [""sector:other"", ""gas:CO2"", ""year:2007""]}"
IPCC_EFDB_Other_Research_NF3_185,Other - Research,other,0.0269,kg/year,NAM,IPCC_EFDB,0.57,2025-03-13,"['sector:other', 'gas:NF3', 'year:2014']",False,"{""source"": ""IPCC_EFDB"", ""entity_type"": ""other"", ""tags"": [""sector:other"", ""gas:NF3"", ""year:2014""]}"
IPCC_EFDB_Other_Miscellaneous_CH4_186,Other - Miscellaneous,other,11.3599,kg/head,EUR,IPCC_EFDB,0.54,2025-03-13,"['sector:other', 'gas:CH4', 'year:2020']",False,"{""source"": ""IPCC_EFDB"", ""entity_type"": ""other"", ""tags"": [""sector:other"", ""gas:CH4"", ""year:2020""]}"
IPCC_EFDB_Other_Test_Data_CO2_187,Other - Test Data,other,3.633,kg/kWh,EUR,IPCC_EFDB,0.53,2025-03-13,"['sector:other', 'gas:CO2', 'year:2011']",False,"{""source"": ""IPCC_EFDB"", ""entity_type"": ""other"", ""tags"": [""sector:other"", ""gas:CO2"", ""year:2011""]}"
IPCC_EFDB_Other_Test_Data_CO2_188,Other - Test Data,other,15.0162,t/TJ,OCE,IPCC_EFDB,0.71,2025-03-13,"['sector:other', 'gas:CO2', 'year:2020']",False,"{""source"": ""IPCC_EFDB"", ""entity_type"": ""other"", ""tags"": [""sector:other"", ""gas:CO2"", ""year:2020""]}"
IPCC_EFDB_Other_Test_Data_CO2_189,Other - Test Data,other,17.156,kg/TJ,ASI,IPCC_EFDB,0.81,2025-03-13,"['sector:other', 'gas:CO2', 'year:2020']",False,"{""source"": ""IPCC_EFDB"", ""entity_type"": ""other"", ""tags"": [""sector:other"", ""gas:CO2"", ""year:2020""]}"
