process_name,category,flow_name,amount,unit,source_file
Agriculture - Production,Agriculture,Carbon dioxide,9.423505919629061,kg,simulated_data.json
Agriculture - Production,Agriculture,Methane,0.39355697865993144,kg,simulated_data.json
Agriculture - Production,Agriculture,Nitrous oxide,0.0872306675263881,kg,simulated_data.json
Agriculture - Processing,Agriculture,Carbon dioxide,9.45126045291002,kg,simulated_data.json
Agriculture - Processing,Agriculture,Methane,0.5765980900280231,kg,simulated_data.json
Agriculture - Processing,Agriculture,Nitrous oxide,0.09314304094497476,kg,simulated_data.json
Agriculture - Distribution,Agriculture,Carbon dioxide,4.534806673545903,kg,simulated_data.json
Agriculture - Distribution,Agriculture,Methane,0.231538184514109,kg,simulated_data.json
Agriculture - Distribution,Agriculture,Nitrous oxide,0.04529323428998095,kg,simulated_data.json
Agriculture - Use,Agriculture,Carbon dioxide,8.521597713285102,kg,simulated_data.json
Agriculture - Use,Agriculture,Methane,0.5498737493022713,kg,simulated_data.json
Agriculture - Use,Agriculture,Nitrous oxide,0.11104711896400964,kg,simulated_data.json
Agriculture - End-of-life,Agriculture,Carbon dioxide,12.30027761958559,kg,simulated_data.json
Agriculture - End-of-life,Agriculture,Methane,0.6081075038208932,kg,simulated_data.json
Agriculture - End-of-life,Agriculture,Nitrous oxide,0.08223975673017947,kg,simulated_data.json
Agriculture - Recycling,Agriculture,Carbon dioxide,10.561708328411887,kg,simulated_data.json
Agriculture - Recycling,Agriculture,Methane,0.48436784015263123,kg,simulated_data.json
Agriculture - Recycling,Agriculture,Nitrous oxide,0.08981993025487431,kg,simulated_data.json
Agriculture - Disposal,Agriculture,Carbon dioxide,6.927773837435079,kg,simulated_data.json
Agriculture - Disposal,Agriculture,Methane,0.4030012032242705,kg,simulated_data.json
Agriculture - Disposal,Agriculture,Nitrous oxide,0.08326836525868746,kg,simulated_data.json
Agriculture - Transport,Agriculture,Carbon dioxide,12.848406255015021,kg,simulated_data.json
Agriculture - Transport,Agriculture,Methane,0.9029305445809247,kg,simulated_data.json
Agriculture - Transport,Agriculture,Nitrous oxide,0.1812756643172863,kg,simulated_data.json
Agriculture - Storage,Agriculture,Carbon dioxide,11.715884391637715,kg,simulated_data.json
Agriculture - Storage,Agriculture,Methane,0.48428573963072596,kg,simulated_data.json
Agriculture - Storage,Agriculture,Nitrous oxide,0.11364190228821104,kg,simulated_data.json
Agriculture - Extraction,Agriculture,Carbon dioxide,13.41675768420501,kg,simulated_data.json
Agriculture - Extraction,Agriculture,Methane,0.6429963986875042,kg,simulated_data.json
Agriculture - Extraction,Agriculture,Nitrous oxide,0.12021214484554928,kg,simulated_data.json
Agriculture - Refining,Agriculture,Carbon dioxide,9.485074859232878,kg,simulated_data.json
Agriculture - Refining,Agriculture,Methane,0.5388232856693165,kg,simulated_data.json
Agriculture - Refining,Agriculture,Nitrous oxide,0.13431155420935428,kg,simulated_data.json
Agriculture - Assembly,Agriculture,Carbon dioxide,13.832299998247338,kg,simulated_data.json
Agriculture - Assembly,Agriculture,Methane,0.7783357642606531,kg,simulated_data.json
Agriculture - Assembly,Agriculture,Nitrous oxide,0.15917026310243765,kg,simulated_data.json
Agriculture - Packaging,Agriculture,Carbon dioxide,22.537882772590727,kg,simulated_data.json
Agriculture - Packaging,Agriculture,Methane,1.03505463308174,kg,simulated_data.json
Agriculture - Packaging,Agriculture,Nitrous oxide,0.16209148756515776,kg,simulated_data.json
Agriculture - Maintenance,Agriculture,Carbon dioxide,11.605815666712626,kg,simulated_data.json
Agriculture - Maintenance,Agriculture,Methane,0.6564099401337645,kg,simulated_data.json
Agriculture - Maintenance,Agriculture,Nitrous oxide,0.13767127290684225,kg,simulated_data.json
Agriculture - Combustion,Agriculture,Carbon dioxide,7.573856831359784,kg,simulated_data.json
Agriculture - Combustion,Agriculture,Methane,0.412675028181236,kg,simulated_data.json
Agriculture - Combustion,Agriculture,Nitrous oxide,0.09036133735126219,kg,simulated_data.json
Agriculture - Treatment,Agriculture,Carbon dioxide,9.89943642490042,kg,simulated_data.json
Agriculture - Treatment,Agriculture,Methane,0.5468513835986125,kg,simulated_data.json
Agriculture - Treatment,Agriculture,Nitrous oxide,0.09348372556613645,kg,simulated_data.json
Energy - Production,Energy,Carbon dioxide,15.586154236568989,kg,simulated_data.json
Energy - Production,Energy,Methane,0.8012595056986288,kg,simulated_data.json
Energy - Production,Energy,Nitrous oxide,0.13022163597262063,kg,simulated_data.json
Energy - Processing,Energy,Carbon dioxide,9.490703547655448,kg,simulated_data.json
Energy - Processing,Energy,Methane,0.3880603420952817,kg,simulated_data.json
Energy - Processing,Energy,Nitrous oxide,0.09201339074065422,kg,simulated_data.json
Energy - Distribution,Energy,Carbon dioxide,13.427519370271394,kg,simulated_data.json
Energy - Distribution,Energy,Methane,0.7223053077162255,kg,simulated_data.json
Energy - Distribution,Energy,Nitrous oxide,0.14248974019353433,kg,simulated_data.json
Energy - Use,Energy,Carbon dioxide,16.80810257296448,kg,simulated_data.json
Energy - Use,Energy,Methane,0.7317419204798546,kg,simulated_data.json
Energy - Use,Energy,Nitrous oxide,0.17436628866802745,kg,simulated_data.json
Energy - End-of-life,Energy,Carbon dioxide,10.607861521853247,kg,simulated_data.json
Energy - End-of-life,Energy,Methane,0.522160354937706,kg,simulated_data.json
Energy - End-of-life,Energy,Nitrous oxide,0.13432334702085336,kg,simulated_data.json
Energy - Recycling,Energy,Carbon dioxide,14.033042116899002,kg,simulated_data.json
Energy - Recycling,Energy,Methane,0.6331310450305181,kg,simulated_data.json
Energy - Recycling,Energy,Nitrous oxide,0.12783980699209113,kg,simulated_data.json
Energy - Disposal,Energy,Carbon dioxide,8.382679750061461,kg,simulated_data.json
Energy - Disposal,Energy,Methane,0.4547014290573897,kg,simulated_data.json
Energy - Disposal,Energy,Nitrous oxide,0.07155972558071307,kg,simulated_data.json
Energy - Transport,Energy,Carbon dioxide,8.388395372767143,kg,simulated_data.json
Energy - Transport,Energy,Methane,0.48697530314117304,kg,simulated_data.json
Energy - Transport,Energy,Nitrous oxide,0.1074425187224319,kg,simulated_data.json
Energy - Storage,Energy,Carbon dioxide,9.19077942386079,kg,simulated_data.json
Energy - Storage,Energy,Methane,0.3389912603956978,kg,simulated_data.json
Energy - Storage,Energy,Nitrous oxide,0.08613989075819888,kg,simulated_data.json
Energy - Extraction,Energy,Carbon dioxide,9.312916456844603,kg,simulated_data.json
Energy - Extraction,Energy,Methane,0.5155772936006852,kg,simulated_data.json
Energy - Extraction,Energy,Nitrous oxide,0.07294477890843028,kg,simulated_data.json
Energy - Refining,Energy,Carbon dioxide,12.77386248597862,kg,simulated_data.json
Energy - Refining,Energy,Methane,0.5987185318694762,kg,simulated_data.json
Energy - Refining,Energy,Nitrous oxide,0.11295457248044896,kg,simulated_data.json
Energy - Assembly,Energy,Carbon dioxide,12.348591753286795,kg,simulated_data.json
Energy - Assembly,Energy,Methane,0.6603724707522944,kg,simulated_data.json
Energy - Assembly,Energy,Nitrous oxide,0.13598551604184092,kg,simulated_data.json
Energy - Packaging,Energy,Carbon dioxide,14.06245203376919,kg,simulated_data.json
Energy - Packaging,Energy,Methane,0.6967721589552515,kg,simulated_data.json
Energy - Packaging,Energy,Nitrous oxide,0.11539988070160768,kg,simulated_data.json
Energy - Maintenance,Energy,Carbon dioxide,13.154561802939405,kg,simulated_data.json
Energy - Maintenance,Energy,Methane,0.6954619771527814,kg,simulated_data.json
Energy - Maintenance,Energy,Nitrous oxide,0.09742080977762803,kg,simulated_data.json
Energy - Combustion,Energy,Carbon dioxide,15.86399856101102,kg,simulated_data.json
Energy - Combustion,Energy,Methane,0.8058962434791916,kg,simulated_data.json
Energy - Combustion,Energy,Nitrous oxide,0.16508175772500552,kg,simulated_data.json
Energy - Treatment,Energy,Carbon dioxide,17.505976057809132,kg,simulated_data.json
Energy - Treatment,Energy,Methane,0.896482025949922,kg,simulated_data.json
Energy - Treatment,Energy,Nitrous oxide,0.1668212979144227,kg,simulated_data.json
Transportation - Production,Transportation,Carbon dioxide,17.433225956063747,kg,simulated_data.json
Transportation - Production,Transportation,Methane,0.7507505663622401,kg,simulated_data.json
Transportation - Production,Transportation,Nitrous oxide,0.16267007308751544,kg,simulated_data.json
Transportation - Processing,Transportation,Carbon dioxide,5.562342916174531,kg,simulated_data.json
Transportation - Processing,Transportation,Methane,0.2864599213892193,kg,simulated_data.json
Transportation - Processing,Transportation,Nitrous oxide,0.06538257878108947,kg,simulated_data.json
Transportation - Distribution,Transportation,Carbon dioxide,4.8581983510520335,kg,simulated_data.json
Transportation - Distribution,Transportation,Methane,0.26094714857886936,kg,simulated_data.json
Transportation - Distribution,Transportation,Nitrous oxide,0.058881072424872505,kg,simulated_data.json
Transportation - Use,Transportation,Carbon dioxide,11.08840427549059,kg,simulated_data.json
Transportation - Use,Transportation,Methane,0.5994664142559301,kg,simulated_data.json
Transportation - Use,Transportation,Nitrous oxide,0.12285445840049118,kg,simulated_data.json
Transportation - End-of-life,Transportation,Carbon dioxide,22.783170883094115,kg,simulated_data.json
Transportation - End-of-life,Transportation,Methane,0.7808981604873356,kg,simulated_data.json
Transportation - End-of-life,Transportation,Nitrous oxide,0.16582861263074858,kg,simulated_data.json
Transportation - Recycling,Transportation,Carbon dioxide,9.867570170209103,kg,simulated_data.json
Transportation - Recycling,Transportation,Methane,0.6146254677227688,kg,simulated_data.json
Transportation - Recycling,Transportation,Nitrous oxide,0.12162249818216223,kg,simulated_data.json
Transportation - Disposal,Transportation,Carbon dioxide,13.575042741897791,kg,simulated_data.json
Transportation - Disposal,Transportation,Methane,0.6598895951936665,kg,simulated_data.json
Transportation - Disposal,Transportation,Nitrous oxide,0.12175257003309592,kg,simulated_data.json
Transportation - Transport,Transportation,Carbon dioxide,4.834548958897596,kg,simulated_data.json
Transportation - Transport,Transportation,Methane,0.3245725109119987,kg,simulated_data.json
Transportation - Transport,Transportation,Nitrous oxide,0.04379698469392326,kg,simulated_data.json
Transportation - Storage,Transportation,Carbon dioxide,12.666111062786236,kg,simulated_data.json
Transportation - Storage,Transportation,Methane,0.6576243588756632,kg,simulated_data.json
Transportation - Storage,Transportation,Nitrous oxide,0.1243545584074113,kg,simulated_data.json
Transportation - Extraction,Transportation,Carbon dioxide,19.26937156641379,kg,simulated_data.json
Transportation - Extraction,Transportation,Methane,1.0927016614962628,kg,simulated_data.json
Transportation - Extraction,Transportation,Nitrous oxide,0.21958614345903799,kg,simulated_data.json
Transportation - Refining,Transportation,Carbon dioxide,14.308641074268893,kg,simulated_data.json
Transportation - Refining,Transportation,Methane,0.9036411609741598,kg,simulated_data.json
Transportation - Refining,Transportation,Nitrous oxide,0.15939001175331813,kg,simulated_data.json
Transportation - Assembly,Transportation,Carbon dioxide,9.907089158401226,kg,simulated_data.json
Transportation - Assembly,Transportation,Methane,0.4572529565888423,kg,simulated_data.json
Transportation - Assembly,Transportation,Nitrous oxide,0.0959128961413471,kg,simulated_data.json
Transportation - Packaging,Transportation,Carbon dioxide,12.779446435308342,kg,simulated_data.json
Transportation - Packaging,Transportation,Methane,0.6475765626302583,kg,simulated_data.json
Transportation - Packaging,Transportation,Nitrous oxide,0.11562835001050065,kg,simulated_data.json
Transportation - Maintenance,Transportation,Carbon dioxide,17.966808163645183,kg,simulated_data.json
Transportation - Maintenance,Transportation,Methane,1.0821205566970202,kg,simulated_data.json
Transportation - Maintenance,Transportation,Nitrous oxide,0.1960478913617137,kg,simulated_data.json
Transportation - Combustion,Transportation,Carbon dioxide,10.327277257119189,kg,simulated_data.json
Transportation - Combustion,Transportation,Methane,0.5745233066251068,kg,simulated_data.json
Transportation - Combustion,Transportation,Nitrous oxide,0.07862200806209294,kg,simulated_data.json
Transportation - Treatment,Transportation,Carbon dioxide,10.371370788402041,kg,simulated_data.json
Transportation - Treatment,Transportation,Methane,0.6296496471468608,kg,simulated_data.json
Transportation - Treatment,Transportation,Nitrous oxide,0.11287967233280266,kg,simulated_data.json
Manufacturing - Production,Manufacturing,Carbon dioxide,8.905735507285039,kg,simulated_data.json
Manufacturing - Production,Manufacturing,Methane,0.544200690997329,kg,simulated_data.json
Manufacturing - Production,Manufacturing,Nitrous oxide,0.07954457454462628,kg,simulated_data.json
Manufacturing - Processing,Manufacturing,Carbon dioxide,8.24546569764026,kg,simulated_data.json
Manufacturing - Processing,Manufacturing,Methane,0.4006214592755098,kg,simulated_data.json
Manufacturing - Processing,Manufacturing,Nitrous oxide,0.07656016330745129,kg,simulated_data.json
Manufacturing - Distribution,Manufacturing,Carbon dioxide,4.1844363472889405,kg,simulated_data.json
Manufacturing - Distribution,Manufacturing,Methane,0.20210002957202347,kg,simulated_data.json
Manufacturing - Distribution,Manufacturing,Nitrous oxide,0.053092573981857766,kg,simulated_data.json
Manufacturing - Use,Manufacturing,Carbon dioxide,5.863076873925838,kg,simulated_data.json
Manufacturing - Use,Manufacturing,Methane,0.2609393102580425,kg,simulated_data.json
Manufacturing - Use,Manufacturing,Nitrous oxide,0.05796792916187786,kg,simulated_data.json
Manufacturing - End-of-life,Manufacturing,Carbon dioxide,6.1203147774050235,kg,simulated_data.json
Manufacturing - End-of-life,Manufacturing,Methane,0.32480716175448837,kg,simulated_data.json
Manufacturing - End-of-life,Manufacturing,Nitrous oxide,0.05425147433660489,kg,simulated_data.json
Manufacturing - Recycling,Manufacturing,Carbon dioxide,10.934489836206021,kg,simulated_data.json
Manufacturing - Recycling,Manufacturing,Methane,0.506160915056127,kg,simulated_data.json
Manufacturing - Recycling,Manufacturing,Nitrous oxide,0.08411864366176046,kg,simulated_data.json
Manufacturing - Disposal,Manufacturing,Carbon dioxide,6.44751801305145,kg,simulated_data.json
Manufacturing - Disposal,Manufacturing,Methane,0.45234280462716264,kg,simulated_data.json
Manufacturing - Disposal,Manufacturing,Nitrous oxide,0.08438552983442561,kg,simulated_data.json
Manufacturing - Transport,Manufacturing,Carbon dioxide,3.631794736211022,kg,simulated_data.json
Manufacturing - Transport,Manufacturing,Methane,0.1909762106166743,kg,simulated_data.json
Manufacturing - Transport,Manufacturing,Nitrous oxide,0.036300436005844296,kg,simulated_data.json
Manufacturing - Storage,Manufacturing,Carbon dioxide,4.949747722611643,kg,simulated_data.json
Manufacturing - Storage,Manufacturing,Methane,0.25968019820684524,kg,simulated_data.json
Manufacturing - Storage,Manufacturing,Nitrous oxide,0.05661718108141836,kg,simulated_data.json
Manufacturing - Extraction,Manufacturing,Carbon dioxide,2.9772131746324946,kg,simulated_data.json
Manufacturing - Extraction,Manufacturing,Methane,0.16113812330686778,kg,simulated_data.json
Manufacturing - Extraction,Manufacturing,Nitrous oxide,0.030358890565694085,kg,simulated_data.json
Manufacturing - Refining,Manufacturing,Carbon dioxide,5.733738961161943,kg,simulated_data.json
Manufacturing - Refining,Manufacturing,Methane,0.2844036881602089,kg,simulated_data.json
Manufacturing - Refining,Manufacturing,Nitrous oxide,0.0586475011874007,kg,simulated_data.json
Manufacturing - Assembly,Manufacturing,Carbon dioxide,2.9241154519678907,kg,simulated_data.json
Manufacturing - Assembly,Manufacturing,Methane,0.13555116581342785,kg,simulated_data.json
Manufacturing - Assembly,Manufacturing,Nitrous oxide,0.02550623472073127,kg,simulated_data.json
Manufacturing - Packaging,Manufacturing,Carbon dioxide,3.838685357918298,kg,simulated_data.json
Manufacturing - Packaging,Manufacturing,Methane,0.21655759510240286,kg,simulated_data.json
Manufacturing - Packaging,Manufacturing,Nitrous oxide,0.03780845896082361,kg,simulated_data.json
Manufacturing - Maintenance,Manufacturing,Carbon dioxide,5.449239806269414,kg,simulated_data.json
Manufacturing - Maintenance,Manufacturing,Methane,0.28077952285407753,kg,simulated_data.json
Manufacturing - Maintenance,Manufacturing,Nitrous oxide,0.057891129049615735,kg,simulated_data.json
Manufacturing - Combustion,Manufacturing,Carbon dioxide,8.43904865981504,kg,simulated_data.json
Manufacturing - Combustion,Manufacturing,Methane,0.5106855173142638,kg,simulated_data.json
Manufacturing - Combustion,Manufacturing,Nitrous oxide,0.10223580153659743,kg,simulated_data.json
Manufacturing - Treatment,Manufacturing,Carbon dioxide,4.225243949688575,kg,simulated_data.json
Manufacturing - Treatment,Manufacturing,Methane,0.18044951813413634,kg,simulated_data.json
Manufacturing - Treatment,Manufacturing,Nitrous oxide,0.04393202177162723,kg,simulated_data.json
Construction - Production,Construction,Carbon dioxide,6.06115959130665,kg,simulated_data.json
Construction - Production,Construction,Methane,0.3062317821560625,kg,simulated_data.json
Construction - Production,Construction,Nitrous oxide,0.0761540044118659,kg,simulated_data.json
Construction - Processing,Construction,Carbon dioxide,8.560300123260562,kg,simulated_data.json
Construction - Processing,Construction,Methane,0.3344675734088327,kg,simulated_data.json
Construction - Processing,Construction,Nitrous oxide,0.0924119583911154,kg,simulated_data.json
Construction - Distribution,Construction,Carbon dioxide,9.580723777762675,kg,simulated_data.json
Construction - Distribution,Construction,Methane,0.3672835093361361,kg,simulated_data.json
Construction - Distribution,Construction,Nitrous oxide,0.09068489960147884,kg,simulated_data.json
Construction - Use,Construction,Carbon dioxide,3.399069323631233,kg,simulated_data.json
Construction - Use,Construction,Methane,0.16846907931383254,kg,simulated_data.json
Construction - Use,Construction,Nitrous oxide,0.03956075234142218,kg,simulated_data.json
Construction - End-of-life,Construction,Carbon dioxide,8.138621624927135,kg,simulated_data.json
Construction - End-of-life,Construction,Methane,0.3665943416647894,kg,simulated_data.json
Construction - End-of-life,Construction,Nitrous oxide,0.08888983624616825,kg,simulated_data.json
Construction - Recycling,Construction,Carbon dioxide,6.149066630098541,kg,simulated_data.json
Construction - Recycling,Construction,Methane,0.3215881306642709,kg,simulated_data.json
Construction - Recycling,Construction,Nitrous oxide,0.06418696133198676,kg,simulated_data.json
Construction - Disposal,Construction,Carbon dioxide,6.271581769514389,kg,simulated_data.json
Construction - Disposal,Construction,Methane,0.23829151788653313,kg,simulated_data.json
Construction - Disposal,Construction,Nitrous oxide,0.049682633000828084,kg,simulated_data.json
Construction - Transport,Construction,Carbon dioxide,8.617946607406251,kg,simulated_data.json
Construction - Transport,Construction,Methane,0.46403147988895277,kg,simulated_data.json
Construction - Transport,Construction,Nitrous oxide,0.09221279021195675,kg,simulated_data.json
Construction - Storage,Construction,Carbon dioxide,4.819156181293759,kg,simulated_data.json
Construction - Storage,Construction,Methane,0.2549074687742919,kg,simulated_data.json
Construction - Storage,Construction,Nitrous oxide,0.0587332732495189,kg,simulated_data.json
Construction - Extraction,Construction,Carbon dioxide,4.294679580507874,kg,simulated_data.json
Construction - Extraction,Construction,Methane,0.17285541394559822,kg,simulated_data.json
Construction - Extraction,Construction,Nitrous oxide,0.038458918856007315,kg,simulated_data.json
Construction - Refining,Construction,Carbon dioxide,5.522415535395763,kg,simulated_data.json
Construction - Refining,Construction,Methane,0.2418307741077905,kg,simulated_data.json
Construction - Refining,Construction,Nitrous oxide,0.049739065334890475,kg,simulated_data.json
Construction - Assembly,Construction,Carbon dioxide,3.630884621220146,kg,simulated_data.json
Construction - Assembly,Construction,Methane,0.20660630570135183,kg,simulated_data.json
Construction - Assembly,Construction,Nitrous oxide,0.03593443980365323,kg,simulated_data.json
Construction - Packaging,Construction,Carbon dioxide,4.132039490948611,kg,simulated_data.json
Construction - Packaging,Construction,Methane,0.17922071679308327,kg,simulated_data.json
Construction - Packaging,Construction,Nitrous oxide,0.03889493163577287,kg,simulated_data.json
Construction - Maintenance,Construction,Carbon dioxide,7.575968424695489,kg,simulated_data.json
Construction - Maintenance,Construction,Methane,0.27475669391747265,kg,simulated_data.json
Construction - Maintenance,Construction,Nitrous oxide,0.06966551011985202,kg,simulated_data.json
Construction - Combustion,Construction,Carbon dioxide,6.829399779914966,kg,simulated_data.json
Construction - Combustion,Construction,Methane,0.39665000752189533,kg,simulated_data.json
Construction - Combustion,Construction,Nitrous oxide,0.07519693170566301,kg,simulated_data.json
Construction - Treatment,Construction,Carbon dioxide,2.513919639413685,kg,simulated_data.json
Construction - Treatment,Construction,Methane,0.16576838304046618,kg,simulated_data.json
Construction - Treatment,Construction,Nitrous oxide,0.027566315070818144,kg,simulated_data.json
Waste Management - Production,Waste Management,Carbon dioxide,2.3607183196536603,kg,simulated_data.json
Waste Management - Production,Waste Management,Methane,0.11877895419427438,kg,simulated_data.json
Waste Management - Production,Waste Management,Nitrous oxide,0.0313463985648155,kg,simulated_data.json
Waste Management - Processing,Waste Management,Carbon dioxide,3.874700593657921,kg,simulated_data.json
Waste Management - Processing,Waste Management,Methane,0.20993588484655998,kg,simulated_data.json
Waste Management - Processing,Waste Management,Nitrous oxide,0.04206962262766578,kg,simulated_data.json
Waste Management - Distribution,Waste Management,Carbon dioxide,3.850922300325832,kg,simulated_data.json
Waste Management - Distribution,Waste Management,Methane,0.18080698380454965,kg,simulated_data.json
Waste Management - Distribution,Waste Management,Nitrous oxide,0.03962670138053612,kg,simulated_data.json
Waste Management - Use,Waste Management,Carbon dioxide,2.9444653358667034,kg,simulated_data.json
Waste Management - Use,Waste Management,Methane,0.14070609715355203,kg,simulated_data.json
Waste Management - Use,Waste Management,Nitrous oxide,0.025905838543762903,kg,simulated_data.json
Waste Management - End-of-life,Waste Management,Carbon dioxide,4.367942476416336,kg,simulated_data.json
Waste Management - End-of-life,Waste Management,Methane,0.21393634434904035,kg,simulated_data.json
Waste Management - End-of-life,Waste Management,Nitrous oxide,0.03848234448854323,kg,simulated_data.json
Waste Management - Recycling,Waste Management,Carbon dioxide,0.5795467362600221,kg,simulated_data.json
Waste Management - Recycling,Waste Management,Methane,0.031867206487648965,kg,simulated_data.json
Waste Management - Recycling,Waste Management,Nitrous oxide,0.006127078719388402,kg,simulated_data.json
Waste Management - Disposal,Waste Management,Carbon dioxide,5.081420116774228,kg,simulated_data.json
Waste Management - Disposal,Waste Management,Methane,0.19111040569633145,kg,simulated_data.json
Waste Management - Disposal,Waste Management,Nitrous oxide,0.051641020345143736,kg,simulated_data.json
Waste Management - Transport,Waste Management,Carbon dioxide,4.32729258878801,kg,simulated_data.json
Waste Management - Transport,Waste Management,Methane,0.2517588075044843,kg,simulated_data.json
Waste Management - Transport,Waste Management,Nitrous oxide,0.04720802446122744,kg,simulated_data.json
Waste Management - Storage,Waste Management,Carbon dioxide,1.3037354932325633,kg,simulated_data.json
Waste Management - Storage,Waste Management,Methane,0.04997754228655053,kg,simulated_data.json
Waste Management - Storage,Waste Management,Nitrous oxide,0.01065512113846945,kg,simulated_data.json
Waste Management - Extraction,Waste Management,Carbon dioxide,1.8313408084078044,kg,simulated_data.json
Waste Management - Extraction,Waste Management,Methane,0.12605877785678035,kg,simulated_data.json
Waste Management - Extraction,Waste Management,Nitrous oxide,0.01981750315399707,kg,simulated_data.json
Waste Management - Refining,Waste Management,Carbon dioxide,2.819040004404833,kg,simulated_data.json
Waste Management - Refining,Waste Management,Methane,0.15651048039521578,kg,simulated_data.json
Waste Management - Refining,Waste Management,Nitrous oxide,0.02614918009046361,kg,simulated_data.json
Waste Management - Assembly,Waste Management,Carbon dioxide,1.587724050976092,kg,simulated_data.json
Waste Management - Assembly,Waste Management,Methane,0.08311553974255984,kg,simulated_data.json
Waste Management - Assembly,Waste Management,Nitrous oxide,0.01627126050267514,kg,simulated_data.json
Waste Management - Packaging,Waste Management,Carbon dioxide,3.444506549759746,kg,simulated_data.json
Waste Management - Packaging,Waste Management,Methane,0.14197323390960923,kg,simulated_data.json
Waste Management - Packaging,Waste Management,Nitrous oxide,0.03395564276152502,kg,simulated_data.json
Waste Management - Maintenance,Waste Management,Carbon dioxide,4.877797844897744,kg,simulated_data.json
Waste Management - Maintenance,Waste Management,Methane,0.2188035111263557,kg,simulated_data.json
Waste Management - Maintenance,Waste Management,Nitrous oxide,0.040897024461640084,kg,simulated_data.json
Waste Management - Combustion,Waste Management,Carbon dioxide,3.244765175265647,kg,simulated_data.json
Waste Management - Combustion,Waste Management,Methane,0.13442980857286566,kg,simulated_data.json
Waste Management - Combustion,Waste Management,Nitrous oxide,0.025863146290978446,kg,simulated_data.json
Waste Management - Treatment,Waste Management,Carbon dioxide,5.070982568744175,kg,simulated_data.json
Waste Management - Treatment,Waste Management,Methane,0.21114363585040186,kg,simulated_data.json
Waste Management - Treatment,Waste Management,Nitrous oxide,0.0548632566411283,kg,simulated_data.json
Water Supply - Production,Water Supply,Carbon dioxide,2.999550185181121,kg,simulated_data.json
Water Supply - Production,Water Supply,Methane,0.16054521634842198,kg,simulated_data.json
Water Supply - Production,Water Supply,Nitrous oxide,0.03375921039433516,kg,simulated_data.json
Water Supply - Processing,Water Supply,Carbon dioxide,4.822337035469011,kg,simulated_data.json
Water Supply - Processing,Water Supply,Methane,0.2686346448013553,kg,simulated_data.json
Water Supply - Processing,Water Supply,Nitrous oxide,0.0381408873322863,kg,simulated_data.json
Water Supply - Distribution,Water Supply,Carbon dioxide,4.720052545642662,kg,simulated_data.json
Water Supply - Distribution,Water Supply,Methane,0.21964019044827937,kg,simulated_data.json
Water Supply - Distribution,Water Supply,Nitrous oxide,0.04417941131156949,kg,simulated_data.json
Water Supply - Use,Water Supply,Carbon dioxide,3.5125081606231556,kg,simulated_data.json
Water Supply - Use,Water Supply,Methane,0.20251120376525925,kg,simulated_data.json
Water Supply - Use,Water Supply,Nitrous oxide,0.037396442549548485,kg,simulated_data.json
Water Supply - End-of-life,Water Supply,Carbon dioxide,2.4364622689993816,kg,simulated_data.json
Water Supply - End-of-life,Water Supply,Methane,0.11804383351682365,kg,simulated_data.json
Water Supply - End-of-life,Water Supply,Nitrous oxide,0.031849993604592564,kg,simulated_data.json
Water Supply - Recycling,Water Supply,Carbon dioxide,1.0919528689628901,kg,simulated_data.json
Water Supply - Recycling,Water Supply,Methane,0.05200287270172607,kg,simulated_data.json
Water Supply - Recycling,Water Supply,Nitrous oxide,0.00795976120441673,kg,simulated_data.json
Water Supply - Disposal,Water Supply,Carbon dioxide,3.998121528012584,kg,simulated_data.json
Water Supply - Disposal,Water Supply,Methane,0.1876632699584351,kg,simulated_data.json
Water Supply - Disposal,Water Supply,Nitrous oxide,0.03616961913301855,kg,simulated_data.json
Water Supply - Transport,Water Supply,Carbon dioxide,0.8612235487445385,kg,simulated_data.json
Water Supply - Transport,Water Supply,Methane,0.05012925431011387,kg,simulated_data.json
Water Supply - Transport,Water Supply,Nitrous oxide,0.009300713464781372,kg,simulated_data.json
Water Supply - Storage,Water Supply,Carbon dioxide,5.102677859611298,kg,simulated_data.json
Water Supply - Storage,Water Supply,Methane,0.21021254389701854,kg,simulated_data.json
Water Supply - Storage,Water Supply,Nitrous oxide,0.04737956360184786,kg,simulated_data.json
Water Supply - Extraction,Water Supply,Carbon dioxide,0.7967639051943654,kg,simulated_data.json
Water Supply - Extraction,Water Supply,Methane,0.028708335341315117,kg,simulated_data.json
Water Supply - Extraction,Water Supply,Nitrous oxide,0.006610691854605121,kg,simulated_data.json
Water Supply - Refining,Water Supply,Carbon dioxide,2.5478162098246453,kg,simulated_data.json
Water Supply - Refining,Water Supply,Methane,0.14263206767420275,kg,simulated_data.json
Water Supply - Refining,Water Supply,Nitrous oxide,0.02038891302921543,kg,simulated_data.json
Water Supply - Assembly,Water Supply,Carbon dioxide,2.6560150712137296,kg,simulated_data.json
Water Supply - Assembly,Water Supply,Methane,0.1405834730043934,kg,simulated_data.json
Water Supply - Assembly,Water Supply,Nitrous oxide,0.029117354588204882,kg,simulated_data.json
Water Supply - Packaging,Water Supply,Carbon dioxide,0.6761196068385135,kg,simulated_data.json
Water Supply - Packaging,Water Supply,Methane,0.03884928852836611,kg,simulated_data.json
Water Supply - Packaging,Water Supply,Nitrous oxide,0.007885600681713246,kg,simulated_data.json
Water Supply - Maintenance,Water Supply,Carbon dioxide,1.4027076887826928,kg,simulated_data.json
Water Supply - Maintenance,Water Supply,Methane,0.09185548425652924,kg,simulated_data.json
Water Supply - Maintenance,Water Supply,Nitrous oxide,0.01782620049738428,kg,simulated_data.json
Water Supply - Combustion,Water Supply,Carbon dioxide,3.119729559317395,kg,simulated_data.json
Water Supply - Combustion,Water Supply,Methane,0.18563356445721238,kg,simulated_data.json
Water Supply - Combustion,Water Supply,Nitrous oxide,0.035013086390177695,kg,simulated_data.json
Water Supply - Treatment,Water Supply,Carbon dioxide,3.0860401224190777,kg,simulated_data.json
Water Supply - Treatment,Water Supply,Methane,0.12895605472222307,kg,simulated_data.json
Water Supply - Treatment,Water Supply,Nitrous oxide,0.025569598404928562,kg,simulated_data.json
Chemicals - Production,Chemicals,Carbon dioxide,7.084584904144321,kg,simulated_data.json
Chemicals - Production,Chemicals,Methane,0.27059701687544413,kg,simulated_data.json
Chemicals - Production,Chemicals,Nitrous oxide,0.05072949945059186,kg,simulated_data.json
Chemicals - Processing,Chemicals,Carbon dioxide,3.7937892667854136,kg,simulated_data.json
Chemicals - Processing,Chemicals,Methane,0.1624390424849146,kg,simulated_data.json
Chemicals - Processing,Chemicals,Nitrous oxide,0.037378567540699084,kg,simulated_data.json
Chemicals - Distribution,Chemicals,Carbon dioxide,9.353816355820227,kg,simulated_data.json
Chemicals - Distribution,Chemicals,Methane,0.3934040737509893,kg,simulated_data.json
Chemicals - Distribution,Chemicals,Nitrous oxide,0.09140368675470256,kg,simulated_data.json
Chemicals - Use,Chemicals,Carbon dioxide,3.410500979320345,kg,simulated_data.json
Chemicals - Use,Chemicals,Methane,0.14750306561322749,kg,simulated_data.json
Chemicals - Use,Chemicals,Nitrous oxide,0.035793035486619613,kg,simulated_data.json
Chemicals - End-of-life,Chemicals,Carbon dioxide,6.944506548272617,kg,simulated_data.json
Chemicals - End-of-life,Chemicals,Methane,0.48831909098811005,kg,simulated_data.json
Chemicals - End-of-life,Chemicals,Nitrous oxide,0.06800784511025144,kg,simulated_data.json
Chemicals - Recycling,Chemicals,Carbon dioxide,2.0021720549374438,kg,simulated_data.json
Chemicals - Recycling,Chemicals,Methane,0.08931905742929741,kg,simulated_data.json
Chemicals - Recycling,Chemicals,Nitrous oxide,0.021289678226705668,kg,simulated_data.json
Chemicals - Disposal,Chemicals,Carbon dioxide,2.8241864424163414,kg,simulated_data.json
Chemicals - Disposal,Chemicals,Methane,0.16218773562975486,kg,simulated_data.json
Chemicals - Disposal,Chemicals,Nitrous oxide,0.03273806187582139,kg,simulated_data.json
Chemicals - Transport,Chemicals,Carbon dioxide,3.990853079026767,kg,simulated_data.json
Chemicals - Transport,Chemicals,Methane,0.2540612055989532,kg,simulated_data.json
Chemicals - Transport,Chemicals,Nitrous oxide,0.04410056059460369,kg,simulated_data.json
Chemicals - Storage,Chemicals,Carbon dioxide,4.001591744991333,kg,simulated_data.json
Chemicals - Storage,Chemicals,Methane,0.22559954116824163,kg,simulated_data.json
Chemicals - Storage,Chemicals,Nitrous oxide,0.04398747855961578,kg,simulated_data.json
Chemicals - Extraction,Chemicals,Carbon dioxide,5.675620652515703,kg,simulated_data.json
Chemicals - Extraction,Chemicals,Methane,0.2845127602023228,kg,simulated_data.json
Chemicals - Extraction,Chemicals,Nitrous oxide,0.0653445006441073,kg,simulated_data.json
Chemicals - Refining,Chemicals,Carbon dioxide,9.701982916619244,kg,simulated_data.json
Chemicals - Refining,Chemicals,Methane,0.5791539075612943,kg,simulated_data.json
Chemicals - Refining,Chemicals,Nitrous oxide,0.08867108858195351,kg,simulated_data.json
Chemicals - Assembly,Chemicals,Carbon dioxide,5.420550484370853,kg,simulated_data.json
Chemicals - Assembly,Chemicals,Methane,0.23391086199789315,kg,simulated_data.json
Chemicals - Assembly,Chemicals,Nitrous oxide,0.05082100426423381,kg,simulated_data.json
Chemicals - Packaging,Chemicals,Carbon dioxide,8.441803300740098,kg,simulated_data.json
Chemicals - Packaging,Chemicals,Methane,0.47233125721362357,kg,simulated_data.json
Chemicals - Packaging,Chemicals,Nitrous oxide,0.0711505262530523,kg,simulated_data.json
Chemicals - Maintenance,Chemicals,Carbon dioxide,8.577128985151283,kg,simulated_data.json
Chemicals - Maintenance,Chemicals,Methane,0.4236775345832504,kg,simulated_data.json
Chemicals - Maintenance,Chemicals,Nitrous oxide,0.09758936622549917,kg,simulated_data.json
Chemicals - Combustion,Chemicals,Carbon dioxide,7.230240723707483,kg,simulated_data.json
Chemicals - Combustion,Chemicals,Methane,0.28402636057017017,kg,simulated_data.json
Chemicals - Combustion,Chemicals,Nitrous oxide,0.07906945057715695,kg,simulated_data.json
Chemicals - Treatment,Chemicals,Carbon dioxide,8.515169341371484,kg,simulated_data.json
Chemicals - Treatment,Chemicals,Methane,0.4278165233452797,kg,simulated_data.json
Chemicals - Treatment,Chemicals,Nitrous oxide,0.07974692271206665,kg,simulated_data.json
Electronics - Production,Electronics,Carbon dioxide,1.4498407961087847,kg,simulated_data.json
Electronics - Production,Electronics,Methane,0.0785319907256249,kg,simulated_data.json
Electronics - Production,Electronics,Nitrous oxide,0.016867324571344315,kg,simulated_data.json
Electronics - Processing,Electronics,Carbon dioxide,1.8385603608056604,kg,simulated_data.json
Electronics - Processing,Electronics,Methane,0.12118603881585141,kg,simulated_data.json
Electronics - Processing,Electronics,Nitrous oxide,0.024141708002916734,kg,simulated_data.json
Electronics - Distribution,Electronics,Carbon dioxide,3.118302309406063,kg,simulated_data.json
Electronics - Distribution,Electronics,Methane,0.12391391176560398,kg,simulated_data.json
Electronics - Distribution,Electronics,Nitrous oxide,0.026671811653660258,kg,simulated_data.json
Electronics - Use,Electronics,Carbon dioxide,1.403223854795595,kg,simulated_data.json
Electronics - Use,Electronics,Methane,0.06522821365746886,kg,simulated_data.json
Electronics - Use,Electronics,Nitrous oxide,0.012275025759729519,kg,simulated_data.json
Electronics - End-of-life,Electronics,Carbon dioxide,1.0938143352780236,kg,simulated_data.json
Electronics - End-of-life,Electronics,Methane,0.05496364827491051,kg,simulated_data.json
Electronics - End-of-life,Electronics,Nitrous oxide,0.010802005733099059,kg,simulated_data.json
Electronics - Recycling,Electronics,Carbon dioxide,1.2407754271840583,kg,simulated_data.json
Electronics - Recycling,Electronics,Methane,0.053116841937743915,kg,simulated_data.json
Electronics - Recycling,Electronics,Nitrous oxide,0.013471980873159007,kg,simulated_data.json
Electronics - Disposal,Electronics,Carbon dioxide,2.384807631704762,kg,simulated_data.json
Electronics - Disposal,Electronics,Methane,0.09870114973051833,kg,simulated_data.json
Electronics - Disposal,Electronics,Nitrous oxide,0.02378014784520058,kg,simulated_data.json
Electronics - Transport,Electronics,Carbon dioxide,3.4841711525014176,kg,simulated_data.json
Electronics - Transport,Electronics,Methane,0.17950920128164924,kg,simulated_data.json
Electronics - Transport,Electronics,Nitrous oxide,0.026155761394199818,kg,simulated_data.json
Electronics - Storage,Electronics,Carbon dioxide,4.218530828150835,kg,simulated_data.json
Electronics - Storage,Electronics,Methane,0.15570866267065306,kg,simulated_data.json
Electronics - Storage,Electronics,Nitrous oxide,0.03037790622674329,kg,simulated_data.json
Electronics - Extraction,Electronics,Carbon dioxide,0.8276650656495154,kg,simulated_data.json
Electronics - Extraction,Electronics,Methane,0.03819464590470438,kg,simulated_data.json
Electronics - Extraction,Electronics,Nitrous oxide,0.008694560839291083,kg,simulated_data.json
Electronics - Refining,Electronics,Carbon dioxide,5.279714973922716,kg,simulated_data.json
Electronics - Refining,Electronics,Methane,0.2079204288895813,kg,simulated_data.json
Electronics - Refining,Electronics,Nitrous oxide,0.057243758597389005,kg,simulated_data.json
Electronics - Assembly,Electronics,Carbon dioxide,4.731335716016279,kg,simulated_data.json
Electronics - Assembly,Electronics,Methane,0.16860786766707342,kg,simulated_data.json
Electronics - Assembly,Electronics,Nitrous oxide,0.03508955091372209,kg,simulated_data.json
Electronics - Packaging,Electronics,Carbon dioxide,4.394181600059817,kg,simulated_data.json
Electronics - Packaging,Electronics,Methane,0.17354186633061283,kg,simulated_data.json
Electronics - Packaging,Electronics,Nitrous oxide,0.03755158135107008,kg,simulated_data.json
Electronics - Maintenance,Electronics,Carbon dioxide,1.6127272996304076,kg,simulated_data.json
Electronics - Maintenance,Electronics,Methane,0.06361738654888814,kg,simulated_data.json
Electronics - Maintenance,Electronics,Nitrous oxide,0.014928628529278273,kg,simulated_data.json
Electronics - Combustion,Electronics,Carbon dioxide,5.771183953568235,kg,simulated_data.json
Electronics - Combustion,Electronics,Methane,0.24330167500085134,kg,simulated_data.json
Electronics - Combustion,Electronics,Nitrous oxide,0.048705348219704354,kg,simulated_data.json
Electronics - Treatment,Electronics,Carbon dioxide,2.2180379336971914,kg,simulated_data.json
Electronics - Treatment,Electronics,Methane,0.1349399359046984,kg,simulated_data.json
Electronics - Treatment,Electronics,Nitrous oxide,0.023414596307655737,kg,simulated_data.json
Food Processing - Production,Food Processing,Carbon dioxide,4.160259197609164,kg,simulated_data.json
Food Processing - Production,Food Processing,Methane,0.18027655681381724,kg,simulated_data.json
Food Processing - Production,Food Processing,Nitrous oxide,0.04978726418720595,kg,simulated_data.json
Food Processing - Processing,Food Processing,Carbon dioxide,2.4142457359483034,kg,simulated_data.json
Food Processing - Processing,Food Processing,Methane,0.10302922748856443,kg,simulated_data.json
Food Processing - Processing,Food Processing,Nitrous oxide,0.026769600185364572,kg,simulated_data.json
Food Processing - Distribution,Food Processing,Carbon dioxide,2.6766041082111145,kg,simulated_data.json
Food Processing - Distribution,Food Processing,Methane,0.09245741096119327,kg,simulated_data.json
Food Processing - Distribution,Food Processing,Nitrous oxide,0.022772995667926222,kg,simulated_data.json
Food Processing - Use,Food Processing,Carbon dioxide,0.8254624291400627,kg,simulated_data.json
Food Processing - Use,Food Processing,Methane,0.03758395985068958,kg,simulated_data.json
Food Processing - Use,Food Processing,Nitrous oxide,0.006200883229047521,kg,simulated_data.json
Food Processing - End-of-life,Food Processing,Carbon dioxide,1.2219921474401794,kg,simulated_data.json
Food Processing - End-of-life,Food Processing,Methane,0.0545084632828971,kg,simulated_data.json
Food Processing - End-of-life,Food Processing,Nitrous oxide,0.010419930924252571,kg,simulated_data.json
Food Processing - Recycling,Food Processing,Carbon dioxide,1.9335092071261877,kg,simulated_data.json
Food Processing - Recycling,Food Processing,Methane,0.07750006606545881,kg,simulated_data.json
Food Processing - Recycling,Food Processing,Nitrous oxide,0.01981531585412409,kg,simulated_data.json
Food Processing - Disposal,Food Processing,Carbon dioxide,4.7979255832457035,kg,simulated_data.json
Food Processing - Disposal,Food Processing,Methane,0.2237760038597107,kg,simulated_data.json
Food Processing - Disposal,Food Processing,Nitrous oxide,0.03472899656287976,kg,simulated_data.json
Food Processing - Transport,Food Processing,Carbon dioxide,4.747150707603738,kg,simulated_data.json
Food Processing - Transport,Food Processing,Methane,0.23570003249297655,kg,simulated_data.json
Food Processing - Transport,Food Processing,Nitrous oxide,0.05686794905919135,kg,simulated_data.json
Food Processing - Storage,Food Processing,Carbon dioxide,1.8200896064971808,kg,simulated_data.json
Food Processing - Storage,Food Processing,Methane,0.07475893478449405,kg,simulated_data.json
Food Processing - Storage,Food Processing,Nitrous oxide,0.012943088649248646,kg,simulated_data.json
Food Processing - Extraction,Food Processing,Carbon dioxide,4.696620099629812,kg,simulated_data.json
Food Processing - Extraction,Food Processing,Methane,0.2304228089643685,kg,simulated_data.json
Food Processing - Extraction,Food Processing,Nitrous oxide,0.04267742383693599,kg,simulated_data.json
Food Processing - Refining,Food Processing,Carbon dioxide,4.0012143527757145,kg,simulated_data.json
Food Processing - Refining,Food Processing,Methane,0.1618888695539871,kg,simulated_data.json
Food Processing - Refining,Food Processing,Nitrous oxide,0.027814424586321926,kg,simulated_data.json
Food Processing - Assembly,Food Processing,Carbon dioxide,3.466898302126872,kg,simulated_data.json
Food Processing - Assembly,Food Processing,Methane,0.1824950942988119,kg,simulated_data.json
Food Processing - Assembly,Food Processing,Nitrous oxide,0.026362571845482886,kg,simulated_data.json
Food Processing - Packaging,Food Processing,Carbon dioxide,2.2513266469207576,kg,simulated_data.json
Food Processing - Packaging,Food Processing,Methane,0.10405569073297999,kg,simulated_data.json
Food Processing - Packaging,Food Processing,Nitrous oxide,0.020164902970189708,kg,simulated_data.json
Food Processing - Maintenance,Food Processing,Carbon dioxide,3.412572234792255,kg,simulated_data.json
Food Processing - Maintenance,Food Processing,Methane,0.2061158189328274,kg,simulated_data.json
Food Processing - Maintenance,Food Processing,Nitrous oxide,0.03181534573151489,kg,simulated_data.json
Food Processing - Combustion,Food Processing,Carbon dioxide,0.8035460928477443,kg,simulated_data.json
Food Processing - Combustion,Food Processing,Methane,0.027565652875601077,kg,simulated_data.json
Food Processing - Combustion,Food Processing,Nitrous oxide,0.00557755954226853,kg,simulated_data.json
Food Processing - Treatment,Food Processing,Carbon dioxide,1.8885088875591545,kg,simulated_data.json
Food Processing - Treatment,Food Processing,Methane,0.08656502922051612,kg,simulated_data.json
Food Processing - Treatment,Food Processing,Nitrous oxide,0.016447500126736465,kg,simulated_data.json
Textiles - Production,Textiles,Carbon dioxide,1.4972201134420868,kg,simulated_data.json
Textiles - Production,Textiles,Methane,0.09590359556941415,kg,simulated_data.json
Textiles - Production,Textiles,Nitrous oxide,0.018710197520855155,kg,simulated_data.json
Textiles - Processing,Textiles,Carbon dioxide,2.0079415327665844,kg,simulated_data.json
Textiles - Processing,Textiles,Methane,0.12118254189647058,kg,simulated_data.json
Textiles - Processing,Textiles,Nitrous oxide,0.02318893861233727,kg,simulated_data.json
Textiles - Distribution,Textiles,Carbon dioxide,4.008414321245261,kg,simulated_data.json
Textiles - Distribution,Textiles,Methane,0.17566583506140446,kg,simulated_data.json
Textiles - Distribution,Textiles,Nitrous oxide,0.047430539447610144,kg,simulated_data.json
Textiles - Use,Textiles,Carbon dioxide,2.36719654250579,kg,simulated_data.json
Textiles - Use,Textiles,Methane,0.1374068579947984,kg,simulated_data.json
Textiles - Use,Textiles,Nitrous oxide,0.022453022242770376,kg,simulated_data.json
Textiles - End-of-life,Textiles,Carbon dioxide,1.7138155055297812,kg,simulated_data.json
Textiles - End-of-life,Textiles,Methane,0.11116630971599947,kg,simulated_data.json
Textiles - End-of-life,Textiles,Nitrous oxide,0.024027878699838273,kg,simulated_data.json
Textiles - Recycling,Textiles,Carbon dioxide,2.423667829219587,kg,simulated_data.json
Textiles - Recycling,Textiles,Methane,0.15327124668107567,kg,simulated_data.json
Textiles - Recycling,Textiles,Nitrous oxide,0.030961185154057963,kg,simulated_data.json
Textiles - Disposal,Textiles,Carbon dioxide,3.805827458019451,kg,simulated_data.json
Textiles - Disposal,Textiles,Methane,0.1775435970188969,kg,simulated_data.json
Textiles - Disposal,Textiles,Nitrous oxide,0.035976095250264406,kg,simulated_data.json
Textiles - Transport,Textiles,Carbon dioxide,3.6243740495715193,kg,simulated_data.json
Textiles - Transport,Textiles,Methane,0.1951615128776076,kg,simulated_data.json
Textiles - Transport,Textiles,Nitrous oxide,0.031218162664727708,kg,simulated_data.json
Textiles - Storage,Textiles,Carbon dioxide,2.9974199419934204,kg,simulated_data.json
Textiles - Storage,Textiles,Methane,0.13929162435490774,kg,simulated_data.json
Textiles - Storage,Textiles,Nitrous oxide,0.0227929057293681,kg,simulated_data.json
Textiles - Extraction,Textiles,Carbon dioxide,1.275715786977904,kg,simulated_data.json
Textiles - Extraction,Textiles,Methane,0.04892277865858163,kg,simulated_data.json
Textiles - Extraction,Textiles,Nitrous oxide,0.012875265845573166,kg,simulated_data.json
Textiles - Refining,Textiles,Carbon dioxide,5.398271900056764,kg,simulated_data.json
Textiles - Refining,Textiles,Methane,0.20473201515273615,kg,simulated_data.json
Textiles - Refining,Textiles,Nitrous oxide,0.05279072944386625,kg,simulated_data.json
Textiles - Assembly,Textiles,Carbon dioxide,2.0981460214875285,kg,simulated_data.json
Textiles - Assembly,Textiles,Methane,0.15255822784641,kg,simulated_data.json
Textiles - Assembly,Textiles,Nitrous oxide,0.021999703100116837,kg,simulated_data.json
Textiles - Packaging,Textiles,Carbon dioxide,0.608030448799547,kg,simulated_data.json
Textiles - Packaging,Textiles,Methane,0.030658416962351907,kg,simulated_data.json
Textiles - Packaging,Textiles,Nitrous oxide,0.005886520819585625,kg,simulated_data.json
Textiles - Maintenance,Textiles,Carbon dioxide,3.1670255804797445,kg,simulated_data.json
Textiles - Maintenance,Textiles,Methane,0.1427981389797715,kg,simulated_data.json
Textiles - Maintenance,Textiles,Nitrous oxide,0.023299536009665674,kg,simulated_data.json
Textiles - Combustion,Textiles,Carbon dioxide,1.7139415945450847,kg,simulated_data.json
Textiles - Combustion,Textiles,Methane,0.07463712830610256,kg,simulated_data.json
Textiles - Combustion,Textiles,Nitrous oxide,0.015189060539593218,kg,simulated_data.json
Textiles - Treatment,Textiles,Carbon dioxide,0.8422652107119393,kg,simulated_data.json
Textiles - Treatment,Textiles,Methane,0.04609344083582205,kg,simulated_data.json
Textiles - Treatment,Textiles,Nitrous oxide,0.012260449629370318,kg,simulated_data.json
Mining - Production,Mining,Carbon dioxide,1.226154803939262,kg,simulated_data.json
Mining - Production,Mining,Methane,0.08223084279441215,kg,simulated_data.json
Mining - Production,Mining,Nitrous oxide,0.012238858608752535,kg,simulated_data.json
Mining - Processing,Mining,Carbon dioxide,1.9780930285336606,kg,simulated_data.json
Mining - Processing,Mining,Methane,0.12358080255688571,kg,simulated_data.json
Mining - Processing,Mining,Nitrous oxide,0.027436997016292666,kg,simulated_data.json
Mining - Distribution,Mining,Carbon dioxide,3.933456737463405,kg,simulated_data.json
Mining - Distribution,Mining,Methane,0.20200779829192272,kg,simulated_data.json
Mining - Distribution,Mining,Nitrous oxide,0.04409025244331932,kg,simulated_data.json
Mining - Use,Mining,Carbon dioxide,3.665507213160556,kg,simulated_data.json
Mining - Use,Mining,Methane,0.19586031328605608,kg,simulated_data.json
Mining - Use,Mining,Nitrous oxide,0.05040164991412584,kg,simulated_data.json
Mining - End-of-life,Mining,Carbon dioxide,4.554386224967354,kg,simulated_data.json
Mining - End-of-life,Mining,Methane,0.2599458933216908,kg,simulated_data.json
Mining - End-of-life,Mining,Nitrous oxide,0.054894176717889355,kg,simulated_data.json
Mining - Recycling,Mining,Carbon dioxide,1.0793139185585892,kg,simulated_data.json
Mining - Recycling,Mining,Methane,0.047759812172140065,kg,simulated_data.json
Mining - Recycling,Mining,Nitrous oxide,0.008971853621120685,kg,simulated_data.json
Mining - Disposal,Mining,Carbon dioxide,4.520370045128796,kg,simulated_data.json
Mining - Disposal,Mining,Methane,0.238628271013655,kg,simulated_data.json
Mining - Disposal,Mining,Nitrous oxide,0.04225661856500641,kg,simulated_data.json
Mining - Transport,Mining,Carbon dioxide,1.1328569917178546,kg,simulated_data.json
Mining - Transport,Mining,Methane,0.046007807326274595,kg,simulated_data.json
Mining - Transport,Mining,Nitrous oxide,0.010573264943826276,kg,simulated_data.json
Mining - Storage,Mining,Carbon dioxide,2.1921251052459816,kg,simulated_data.json
Mining - Storage,Mining,Methane,0.13088837690203783,kg,simulated_data.json
Mining - Storage,Mining,Nitrous oxide,0.025038754627641765,kg,simulated_data.json
Mining - Extraction,Mining,Carbon dioxide,5.282339131798938,kg,simulated_data.json
Mining - Extraction,Mining,Methane,0.22720357516318132,kg,simulated_data.json
Mining - Extraction,Mining,Nitrous oxide,0.05012020672608845,kg,simulated_data.json
Mining - Refining,Mining,Carbon dioxide,1.9934662871702242,kg,simulated_data.json
Mining - Refining,Mining,Methane,0.10473419344082485,kg,simulated_data.json
Mining - Refining,Mining,Nitrous oxide,0.02198099868411639,kg,simulated_data.json
Mining - Assembly,Mining,Carbon dioxide,3.005839829488489,kg,simulated_data.json
Mining - Assembly,Mining,Methane,0.19243403818863608,kg,simulated_data.json
Mining - Assembly,Mining,Nitrous oxide,0.03509245863266116,kg,simulated_data.json
Mining - Packaging,Mining,Carbon dioxide,4.278951442576912,kg,simulated_data.json
Mining - Packaging,Mining,Methane,0.19757491792792617,kg,simulated_data.json
Mining - Packaging,Mining,Nitrous oxide,0.04617907047094317,kg,simulated_data.json
Mining - Maintenance,Mining,Carbon dioxide,2.7261522730128256,kg,simulated_data.json
Mining - Maintenance,Mining,Methane,0.10504368855366333,kg,simulated_data.json
Mining - Maintenance,Mining,Nitrous oxide,0.026971147333195434,kg,simulated_data.json
Mining - Combustion,Mining,Carbon dioxide,2.1573964523545004,kg,simulated_data.json
Mining - Combustion,Mining,Methane,0.10266820086371486,kg,simulated_data.json
Mining - Combustion,Mining,Nitrous oxide,0.020636104245574653,kg,simulated_data.json
Mining - Treatment,Mining,Carbon dioxide,4.404729317494249,kg,simulated_data.json
Mining - Treatment,Mining,Methane,0.22302943956790883,kg,simulated_data.json
Mining - Treatment,Mining,Nitrous oxide,0.040577150368154305,kg,simulated_data.json
Forestry - Production,Forestry,Carbon dioxide,3.513907770110752,kg,simulated_data.json
Forestry - Production,Forestry,Methane,0.1554338762901386,kg,simulated_data.json
Forestry - Production,Forestry,Nitrous oxide,0.03651822694181891,kg,simulated_data.json
Forestry - Processing,Forestry,Carbon dioxide,2.9698796764776696,kg,simulated_data.json
Forestry - Processing,Forestry,Methane,0.14469956152387492,kg,simulated_data.json
Forestry - Processing,Forestry,Nitrous oxide,0.027890100701011132,kg,simulated_data.json
Forestry - Distribution,Forestry,Carbon dioxide,1.299579033215873,kg,simulated_data.json
Forestry - Distribution,Forestry,Methane,0.06939025142311284,kg,simulated_data.json
Forestry - Distribution,Forestry,Nitrous oxide,0.011403362468168662,kg,simulated_data.json
Forestry - Use,Forestry,Carbon dioxide,1.849198100185237,kg,simulated_data.json
Forestry - Use,Forestry,Methane,0.09696371605428558,kg,simulated_data.json
Forestry - Use,Forestry,Nitrous oxide,0.015585483396547663,kg,simulated_data.json
Forestry - End-of-life,Forestry,Carbon dioxide,2.985093260044317,kg,simulated_data.json
Forestry - End-of-life,Forestry,Methane,0.1962836879506557,kg,simulated_data.json
Forestry - End-of-life,Forestry,Nitrous oxide,0.039853392690173135,kg,simulated_data.json
Forestry - Recycling,Forestry,Carbon dioxide,2.6468466171707474,kg,simulated_data.json
Forestry - Recycling,Forestry,Methane,0.17828939829642587,kg,simulated_data.json
Forestry - Recycling,Forestry,Nitrous oxide,0.03606345383339566,kg,simulated_data.json
Forestry - Disposal,Forestry,Carbon dioxide,3.9961344605098748,kg,simulated_data.json
Forestry - Disposal,Forestry,Methane,0.17123382633796022,kg,simulated_data.json
Forestry - Disposal,Forestry,Nitrous oxide,0.0442302664082045,kg,simulated_data.json
Forestry - Transport,Forestry,Carbon dioxide,0.5104739042456294,kg,simulated_data.json
Forestry - Transport,Forestry,Methane,0.03811273836117198,kg,simulated_data.json
Forestry - Transport,Forestry,Nitrous oxide,0.007180499909165284,kg,simulated_data.json
Forestry - Storage,Forestry,Carbon dioxide,4.829157546876378,kg,simulated_data.json
Forestry - Storage,Forestry,Methane,0.21101726946996444,kg,simulated_data.json
Forestry - Storage,Forestry,Nitrous oxide,0.041510301764127004,kg,simulated_data.json
Forestry - Extraction,Forestry,Carbon dioxide,3.4189264535378165,kg,simulated_data.json
Forestry - Extraction,Forestry,Methane,0.20546188916204353,kg,simulated_data.json
Forestry - Extraction,Forestry,Nitrous oxide,0.038104400542264424,kg,simulated_data.json
Forestry - Refining,Forestry,Carbon dioxide,5.600624202433116,kg,simulated_data.json
Forestry - Refining,Forestry,Methane,0.2800570193223283,kg,simulated_data.json
Forestry - Refining,Forestry,Nitrous oxide,0.04758372142370254,kg,simulated_data.json
Forestry - Assembly,Forestry,Carbon dioxide,2.956182958550463,kg,simulated_data.json
Forestry - Assembly,Forestry,Methane,0.1282672972804096,kg,simulated_data.json
Forestry - Assembly,Forestry,Nitrous oxide,0.029822523825464128,kg,simulated_data.json
Forestry - Packaging,Forestry,Carbon dioxide,4.086408356352455,kg,simulated_data.json
Forestry - Packaging,Forestry,Methane,0.18212363574548393,kg,simulated_data.json
Forestry - Packaging,Forestry,Nitrous oxide,0.03290264279613776,kg,simulated_data.json
Forestry - Maintenance,Forestry,Carbon dioxide,1.9105276063824865,kg,simulated_data.json
Forestry - Maintenance,Forestry,Methane,0.10306034261022892,kg,simulated_data.json
Forestry - Maintenance,Forestry,Nitrous oxide,0.02353188034243696,kg,simulated_data.json
Forestry - Combustion,Forestry,Carbon dioxide,2.8963144883793723,kg,simulated_data.json
Forestry - Combustion,Forestry,Methane,0.16501506477526579,kg,simulated_data.json
Forestry - Combustion,Forestry,Nitrous oxide,0.033806933898096914,kg,simulated_data.json
Forestry - Treatment,Forestry,Carbon dioxide,5.147066354281945,kg,simulated_data.json
Forestry - Treatment,Forestry,Methane,0.21775504228921888,kg,simulated_data.json
Forestry - Treatment,Forestry,Nitrous oxide,0.04051558754868754,kg,simulated_data.json
Paper Products - Production,Paper Products,Carbon dioxide,3.661126026347581,kg,simulated_data.json
Paper Products - Production,Paper Products,Methane,0.15216135272431766,kg,simulated_data.json
Paper Products - Production,Paper Products,Nitrous oxide,0.031433874682606694,kg,simulated_data.json
Paper Products - Processing,Paper Products,Carbon dioxide,3.1540862788977178,kg,simulated_data.json
Paper Products - Processing,Paper Products,Methane,0.18731937032809004,kg,simulated_data.json
Paper Products - Processing,Paper Products,Nitrous oxide,0.041570468852286074,kg,simulated_data.json
Paper Products - Distribution,Paper Products,Carbon dioxide,1.6362555127559912,kg,simulated_data.json
Paper Products - Distribution,Paper Products,Methane,0.1083376569378276,kg,simulated_data.json
Paper Products - Distribution,Paper Products,Nitrous oxide,0.018993149250825254,kg,simulated_data.json
Paper Products - Use,Paper Products,Carbon dioxide,3.942956837822117,kg,simulated_data.json
Paper Products - Use,Paper Products,Methane,0.20544726489078924,kg,simulated_data.json
Paper Products - Use,Paper Products,Nitrous oxide,0.03468394508284173,kg,simulated_data.json
Paper Products - End-of-life,Paper Products,Carbon dioxide,4.291531251753159,kg,simulated_data.json
Paper Products - End-of-life,Paper Products,Methane,0.2217136780991246,kg,simulated_data.json
Paper Products - End-of-life,Paper Products,Nitrous oxide,0.03948454334469856,kg,simulated_data.json
Paper Products - Recycling,Paper Products,Carbon dioxide,1.5536919550974917,kg,simulated_data.json
Paper Products - Recycling,Paper Products,Methane,0.0739082952455675,kg,simulated_data.json
Paper Products - Recycling,Paper Products,Nitrous oxide,0.019259783641555134,kg,simulated_data.json
Paper Products - Disposal,Paper Products,Carbon dioxide,3.2159128345756587,kg,simulated_data.json
Paper Products - Disposal,Paper Products,Methane,0.116729082625103,kg,simulated_data.json
Paper Products - Disposal,Paper Products,Nitrous oxide,0.023944789642570432,kg,simulated_data.json
Paper Products - Transport,Paper Products,Carbon dioxide,1.8486695336056878,kg,simulated_data.json
Paper Products - Transport,Paper Products,Methane,0.11034230300209467,kg,simulated_data.json
Paper Products - Transport,Paper Products,Nitrous oxide,0.021437915411733944,kg,simulated_data.json
Paper Products - Storage,Paper Products,Carbon dioxide,4.8473029243735954,kg,simulated_data.json
Paper Products - Storage,Paper Products,Methane,0.1872590796388045,kg,simulated_data.json
Paper Products - Storage,Paper Products,Nitrous oxide,0.03646955181956984,kg,simulated_data.json
Paper Products - Extraction,Paper Products,Carbon dioxide,1.157151845445422,kg,simulated_data.json
Paper Products - Extraction,Paper Products,Methane,0.0691387863725566,kg,simulated_data.json
Paper Products - Extraction,Paper Products,Nitrous oxide,0.012605906242934893,kg,simulated_data.json
Paper Products - Refining,Paper Products,Carbon dioxide,5.241931788886257,kg,simulated_data.json
Paper Products - Refining,Paper Products,Methane,0.22395927543539026,kg,simulated_data.json
Paper Products - Refining,Paper Products,Nitrous oxide,0.04648028270391761,kg,simulated_data.json
Paper Products - Assembly,Paper Products,Carbon dioxide,5.5954001728515,kg,simulated_data.json
Paper Products - Assembly,Paper Products,Methane,0.2354506761878038,kg,simulated_data.json
Paper Products - Assembly,Paper Products,Nitrous oxide,0.04573846951165043,kg,simulated_data.json
Paper Products - Packaging,Paper Products,Carbon dioxide,4.408088177828888,kg,simulated_data.json
Paper Products - Packaging,Paper Products,Methane,0.21105013436132417,kg,simulated_data.json
Paper Products - Packaging,Paper Products,Nitrous oxide,0.03536997954820763,kg,simulated_data.json
Paper Products - Maintenance,Paper Products,Carbon dioxide,4.791975189923498,kg,simulated_data.json
Paper Products - Maintenance,Paper Products,Methane,0.2166632281274151,kg,simulated_data.json
Paper Products - Maintenance,Paper Products,Nitrous oxide,0.0460185750609674,kg,simulated_data.json
Paper Products - Combustion,Paper Products,Carbon dioxide,5.050920755604115,kg,simulated_data.json
Paper Products - Combustion,Paper Products,Methane,0.23630859621367512,kg,simulated_data.json
Paper Products - Combustion,Paper Products,Nitrous oxide,0.038400491772307414,kg,simulated_data.json
Paper Products - Treatment,Paper Products,Carbon dioxide,2.6037395544133948,kg,simulated_data.json
Paper Products - Treatment,Paper Products,Methane,0.11929790395754038,kg,simulated_data.json
Paper Products - Treatment,Paper Products,Nitrous oxide,0.027464301011315327,kg,simulated_data.json
Metals - Production,Metals,Carbon dioxide,2.426641961588226,kg,simulated_data.json
Metals - Production,Metals,Methane,0.13955429081037193,kg,simulated_data.json
Metals - Production,Metals,Nitrous oxide,0.02407802980496284,kg,simulated_data.json
Metals - Processing,Metals,Carbon dioxide,2.948107006439613,kg,simulated_data.json
Metals - Processing,Metals,Methane,0.147522703832534,kg,simulated_data.json
Metals - Processing,Metals,Nitrous oxide,0.036428001735928334,kg,simulated_data.json
Metals - Distribution,Metals,Carbon dioxide,5.027942048435076,kg,simulated_data.json
Metals - Distribution,Metals,Methane,0.2110155312327404,kg,simulated_data.json
Metals - Distribution,Metals,Nitrous oxide,0.05108042461805562,kg,simulated_data.json
Metals - Use,Metals,Carbon dioxide,2.078363280430858,kg,simulated_data.json
Metals - Use,Metals,Methane,0.0878203770423829,kg,simulated_data.json
Metals - Use,Metals,Nitrous oxide,0.018251574431227477,kg,simulated_data.json
Metals - End-of-life,Metals,Carbon dioxide,2.4617866328317675,kg,simulated_data.json
Metals - End-of-life,Metals,Methane,0.15418849133033144,kg,simulated_data.json
Metals - End-of-life,Metals,Nitrous oxide,0.02913674967543561,kg,simulated_data.json
Metals - Recycling,Metals,Carbon dioxide,2.961809900089939,kg,simulated_data.json
Metals - Recycling,Metals,Methane,0.1037538340673669,kg,simulated_data.json
Metals - Recycling,Metals,Nitrous oxide,0.025460397733219647,kg,simulated_data.json
Metals - Disposal,Metals,Carbon dioxide,3.2074500559403765,kg,simulated_data.json
Metals - Disposal,Metals,Methane,0.12891421354609975,kg,simulated_data.json
Metals - Disposal,Metals,Nitrous oxide,0.032930080795088815,kg,simulated_data.json
Metals - Transport,Metals,Carbon dioxide,5.7474040334840835,kg,simulated_data.json
Metals - Transport,Metals,Methane,0.23174126318808877,kg,simulated_data.json
Metals - Transport,Metals,Nitrous oxide,0.051011107027846433,kg,simulated_data.json
Metals - Storage,Metals,Carbon dioxide,2.170519164366683,kg,simulated_data.json
Metals - Storage,Metals,Methane,0.1412657477190753,kg,simulated_data.json
Metals - Storage,Metals,Nitrous oxide,0.02920170003075447,kg,simulated_data.json
Metals - Extraction,Metals,Carbon dioxide,0.6392968277927327,kg,simulated_data.json
Metals - Extraction,Metals,Methane,0.0242275353563523,kg,simulated_data.json
Metals - Extraction,Metals,Nitrous oxide,0.005349823257286971,kg,simulated_data.json
Metals - Refining,Metals,Carbon dioxide,1.2920528770018755,kg,simulated_data.json
Metals - Refining,Metals,Methane,0.06238586334182287,kg,simulated_data.json
Metals - Refining,Metals,Nitrous oxide,0.012787110483738139,kg,simulated_data.json
Metals - Assembly,Metals,Carbon dioxide,1.2989980214819403,kg,simulated_data.json
Metals - Assembly,Metals,Methane,0.07576332309090729,kg,simulated_data.json
Metals - Assembly,Metals,Nitrous oxide,0.017294169870568945,kg,simulated_data.json
Metals - Packaging,Metals,Carbon dioxide,3.3600730147310096,kg,simulated_data.json
Metals - Packaging,Metals,Methane,0.13149209741041484,kg,simulated_data.json
Metals - Packaging,Metals,Nitrous oxide,0.03438703125710656,kg,simulated_data.json
Metals - Maintenance,Metals,Carbon dioxide,3.5108018152588008,kg,simulated_data.json
Metals - Maintenance,Metals,Methane,0.1369454079300978,kg,simulated_data.json
Metals - Maintenance,Metals,Nitrous oxide,0.02680344224761432,kg,simulated_data.json
Metals - Combustion,Metals,Carbon dioxide,5.163341699098264,kg,simulated_data.json
Metals - Combustion,Metals,Methane,0.18806349957604143,kg,simulated_data.json
Metals - Combustion,Metals,Nitrous oxide,0.044352894597746294,kg,simulated_data.json
Metals - Treatment,Metals,Carbon dioxide,1.5145283590835723,kg,simulated_data.json
Metals - Treatment,Metals,Methane,0.07271381522392628,kg,simulated_data.json
Metals - Treatment,Metals,Nitrous oxide,0.014527796967112329,kg,simulated_data.json
Plastics - Production,Plastics,Carbon dioxide,2.9439242200527573,kg,simulated_data.json
Plastics - Production,Plastics,Methane,0.16544668935958137,kg,simulated_data.json
Plastics - Production,Plastics,Nitrous oxide,0.03522729367713521,kg,simulated_data.json
Plastics - Processing,Plastics,Carbon dioxide,4.702796029169304,kg,simulated_data.json
Plastics - Processing,Plastics,Methane,0.21041557467401364,kg,simulated_data.json
Plastics - Processing,Plastics,Nitrous oxide,0.05049471299601052,kg,simulated_data.json
Plastics - Distribution,Plastics,Carbon dioxide,1.3770659557290177,kg,simulated_data.json
Plastics - Distribution,Plastics,Methane,0.07212281731137865,kg,simulated_data.json
Plastics - Distribution,Plastics,Nitrous oxide,0.01730543326155457,kg,simulated_data.json
Plastics - Use,Plastics,Carbon dioxide,2.590250235128886,kg,simulated_data.json
Plastics - Use,Plastics,Methane,0.14636680824008436,kg,simulated_data.json
Plastics - Use,Plastics,Nitrous oxide,0.032897640287869435,kg,simulated_data.json
Plastics - End-of-life,Plastics,Carbon dioxide,3.313754941002111,kg,simulated_data.json
Plastics - End-of-life,Plastics,Methane,0.1442217635772551,kg,simulated_data.json
Plastics - End-of-life,Plastics,Nitrous oxide,0.025898342506999697,kg,simulated_data.json
Plastics - Recycling,Plastics,Carbon dioxide,2.3141856751537384,kg,simulated_data.json
Plastics - Recycling,Plastics,Methane,0.09860572545417806,kg,simulated_data.json
Plastics - Recycling,Plastics,Nitrous oxide,0.02393071411105778,kg,simulated_data.json
Plastics - Disposal,Plastics,Carbon dioxide,2.571549993890973,kg,simulated_data.json
Plastics - Disposal,Plastics,Methane,0.12466531852046915,kg,simulated_data.json
Plastics - Disposal,Plastics,Nitrous oxide,0.027241999053104073,kg,simulated_data.json
Plastics - Transport,Plastics,Carbon dioxide,4.3907430746799365,kg,simulated_data.json
Plastics - Transport,Plastics,Methane,0.16621147693402916,kg,simulated_data.json
Plastics - Transport,Plastics,Nitrous oxide,0.0341487328528059,kg,simulated_data.json
Plastics - Storage,Plastics,Carbon dioxide,0.8698219170064427,kg,simulated_data.json
Plastics - Storage,Plastics,Methane,0.04189489118793666,kg,simulated_data.json
Plastics - Storage,Plastics,Nitrous oxide,0.008872860825616537,kg,simulated_data.json
Plastics - Extraction,Plastics,Carbon dioxide,4.713208733362626,kg,simulated_data.json
Plastics - Extraction,Plastics,Methane,0.24523521125260697,kg,simulated_data.json
Plastics - Extraction,Plastics,Nitrous oxide,0.04040055786863423,kg,simulated_data.json
Plastics - Refining,Plastics,Carbon dioxide,2.1449338684474215,kg,simulated_data.json
Plastics - Refining,Plastics,Methane,0.11862235286122556,kg,simulated_data.json
Plastics - Refining,Plastics,Nitrous oxide,0.021328995677773296,kg,simulated_data.json
Plastics - Assembly,Plastics,Carbon dioxide,1.4340953795682339,kg,simulated_data.json
Plastics - Assembly,Plastics,Methane,0.08003887704431632,kg,simulated_data.json
Plastics - Assembly,Plastics,Nitrous oxide,0.01573555036336928,kg,simulated_data.json
Plastics - Packaging,Plastics,Carbon dioxide,2.022592680070206,kg,simulated_data.json
Plastics - Packaging,Plastics,Methane,0.10285562932887249,kg,simulated_data.json
Plastics - Packaging,Plastics,Nitrous oxide,0.018207208639946734,kg,simulated_data.json
Plastics - Maintenance,Plastics,Carbon dioxide,4.100439735477695,kg,simulated_data.json
Plastics - Maintenance,Plastics,Methane,0.2032127131747802,kg,simulated_data.json
Plastics - Maintenance,Plastics,Nitrous oxide,0.05457122355623313,kg,simulated_data.json
Plastics - Combustion,Plastics,Carbon dioxide,0.7702487684473062,kg,simulated_data.json
Plastics - Combustion,Plastics,Methane,0.04061430485526871,kg,simulated_data.json
Plastics - Combustion,Plastics,Nitrous oxide,0.007363701309809307,kg,simulated_data.json
Plastics - Treatment,Plastics,Carbon dioxide,3.1105146278431546,kg,simulated_data.json
Plastics - Treatment,Plastics,Methane,0.17931671647585534,kg,simulated_data.json
Plastics - Treatment,Plastics,Nitrous oxide,0.033937193616611426,kg,simulated_data.json
Glass - Production,Glass,Carbon dioxide,1.6873026629890673,kg,simulated_data.json
Glass - Production,Glass,Methane,0.09522204280199545,kg,simulated_data.json
Glass - Production,Glass,Nitrous oxide,0.015535556757956192,kg,simulated_data.json
Glass - Processing,Glass,Carbon dioxide,1.2672709536514175,kg,simulated_data.json
Glass - Processing,Glass,Methane,0.06272820183970146,kg,simulated_data.json
Glass - Processing,Glass,Nitrous oxide,0.012823244195708218,kg,simulated_data.json
Glass - Distribution,Glass,Carbon dioxide,4.913573262048325,kg,simulated_data.json
Glass - Distribution,Glass,Methane,0.2512775137060929,kg,simulated_data.json
Glass - Distribution,Glass,Nitrous oxide,0.04365421791442305,kg,simulated_data.json
Glass - Use,Glass,Carbon dioxide,4.071024737831323,kg,simulated_data.json
Glass - Use,Glass,Methane,0.2007579768058278,kg,simulated_data.json
Glass - Use,Glass,Nitrous oxide,0.04703683118891609,kg,simulated_data.json
Glass - End-of-life,Glass,Carbon dioxide,2.9118327829089212,kg,simulated_data.json
Glass - End-of-life,Glass,Methane,0.16811908067715456,kg,simulated_data.json
Glass - End-of-life,Glass,Nitrous oxide,0.024824866856436718,kg,simulated_data.json
Glass - Recycling,Glass,Carbon dioxide,1.5761570970685816,kg,simulated_data.json
Glass - Recycling,Glass,Methane,0.07656286378829309,kg,simulated_data.json
Glass - Recycling,Glass,Nitrous oxide,0.015039713830301546,kg,simulated_data.json
Glass - Disposal,Glass,Carbon dioxide,5.62937975500139,kg,simulated_data.json
Glass - Disposal,Glass,Methane,0.22642653682772723,kg,simulated_data.json
Glass - Disposal,Glass,Nitrous oxide,0.04599433538710222,kg,simulated_data.json
Glass - Transport,Glass,Carbon dioxide,2.5969921799877955,kg,simulated_data.json
Glass - Transport,Glass,Methane,0.12868757758741656,kg,simulated_data.json
Glass - Transport,Glass,Nitrous oxide,0.021368847031713323,kg,simulated_data.json
Glass - Storage,Glass,Carbon dioxide,4.174184036207814,kg,simulated_data.json
Glass - Storage,Glass,Methane,0.1777194413621629,kg,simulated_data.json
Glass - Storage,Glass,Nitrous oxide,0.049329547463044486,kg,simulated_data.json
Glass - Extraction,Glass,Carbon dioxide,4.408358137444402,kg,simulated_data.json
Glass - Extraction,Glass,Methane,0.2456642509092281,kg,simulated_data.json
Glass - Extraction,Glass,Nitrous oxide,0.050447250688984244,kg,simulated_data.json
Glass - Refining,Glass,Carbon dioxide,1.9583846544939472,kg,simulated_data.json
Glass - Refining,Glass,Methane,0.08238178953860792,kg,simulated_data.json
Glass - Refining,Glass,Nitrous oxide,0.018469950740379246,kg,simulated_data.json
Glass - Assembly,Glass,Carbon dioxide,2.0883776848783007,kg,simulated_data.json
Glass - Assembly,Glass,Methane,0.11102213934120492,kg,simulated_data.json
Glass - Assembly,Glass,Nitrous oxide,0.020377156016552222,kg,simulated_data.json
Glass - Packaging,Glass,Carbon dioxide,3.4909552169671856,kg,simulated_data.json
Glass - Packaging,Glass,Methane,0.21001259976063097,kg,simulated_data.json
Glass - Packaging,Glass,Nitrous oxide,0.0351339816206105,kg,simulated_data.json
Glass - Maintenance,Glass,Carbon dioxide,2.3277314490534047,kg,simulated_data.json
Glass - Maintenance,Glass,Methane,0.09986394889899107,kg,simulated_data.json
Glass - Maintenance,Glass,Nitrous oxide,0.019795174218278436,kg,simulated_data.json
Glass - Combustion,Glass,Carbon dioxide,1.0949946602195355,kg,simulated_data.json
Glass - Combustion,Glass,Methane,0.07089120765896251,kg,simulated_data.json
Glass - Combustion,Glass,Nitrous oxide,0.011986667823799157,kg,simulated_data.json
Glass - Treatment,Glass,Carbon dioxide,4.0611743815315835,kg,simulated_data.json
Glass - Treatment,Glass,Methane,0.21972735414813852,kg,simulated_data.json
Glass - Treatment,Glass,Nitrous oxide,0.05282634724281075,kg,simulated_data.json
Cement - Production,Cement,Carbon dioxide,4.274228174895567,kg,simulated_data.json
Cement - Production,Cement,Methane,0.17410972126064578,kg,simulated_data.json
Cement - Production,Cement,Nitrous oxide,0.043829298665397025,kg,simulated_data.json
Cement - Processing,Cement,Carbon dioxide,1.7666093920426575,kg,simulated_data.json
Cement - Processing,Cement,Methane,0.10061308397333388,kg,simulated_data.json
Cement - Processing,Cement,Nitrous oxide,0.015451425662094405,kg,simulated_data.json
Cement - Distribution,Cement,Carbon dioxide,4.220351906740837,kg,simulated_data.json
Cement - Distribution,Cement,Methane,0.2228660221504687,kg,simulated_data.json
Cement - Distribution,Cement,Nitrous oxide,0.04789724009845017,kg,simulated_data.json
Cement - Use,Cement,Carbon dioxide,2.5556543628302646,kg,simulated_data.json
Cement - Use,Cement,Methane,0.10454737341474304,kg,simulated_data.json
Cement - Use,Cement,Nitrous oxide,0.020891332086018087,kg,simulated_data.json
Cement - End-of-life,Cement,Carbon dioxide,3.0415224788166624,kg,simulated_data.json
Cement - End-of-life,Cement,Methane,0.13461955617660532,kg,simulated_data.json
Cement - End-of-life,Cement,Nitrous oxide,0.02534096225766724,kg,simulated_data.json
Cement - Recycling,Cement,Carbon dioxide,4.124527586424576,kg,simulated_data.json
Cement - Recycling,Cement,Methane,0.24072353880232455,kg,simulated_data.json
Cement - Recycling,Cement,Nitrous oxide,0.0421168897100852,kg,simulated_data.json
Cement - Disposal,Cement,Carbon dioxide,5.026889346507626,kg,simulated_data.json
Cement - Disposal,Cement,Methane,0.17079328885509085,kg,simulated_data.json
Cement - Disposal,Cement,Nitrous oxide,0.04429788597947621,kg,simulated_data.json
Cement - Transport,Cement,Carbon dioxide,3.387247390084479,kg,simulated_data.json
Cement - Transport,Cement,Methane,0.18731678964973417,kg,simulated_data.json
Cement - Transport,Cement,Nitrous oxide,0.033609024430883705,kg,simulated_data.json
Cement - Storage,Cement,Carbon dioxide,1.4005064042480377,kg,simulated_data.json
Cement - Storage,Cement,Methane,0.06687755274009163,kg,simulated_data.json
Cement - Storage,Cement,Nitrous oxide,0.014573774080872324,kg,simulated_data.json
Cement - Extraction,Cement,Carbon dioxide,3.598251736136813,kg,simulated_data.json
Cement - Extraction,Cement,Methane,0.1945239312489482,kg,simulated_data.json
Cement - Extraction,Cement,Nitrous oxide,0.037741650022542234,kg,simulated_data.json
Cement - Refining,Cement,Carbon dioxide,0.8845575978494151,kg,simulated_data.json
Cement - Refining,Cement,Methane,0.047730158558418244,kg,simulated_data.json
Cement - Refining,Cement,Nitrous oxide,0.008058253214666447,kg,simulated_data.json
Cement - Assembly,Cement,Carbon dioxide,1.6604593689788634,kg,simulated_data.json
Cement - Assembly,Cement,Methane,0.09038913925617313,kg,simulated_data.json
Cement - Assembly,Cement,Nitrous oxide,0.02115662458810133,kg,simulated_data.json
Cement - Packaging,Cement,Carbon dioxide,3.065219017864828,kg,simulated_data.json
Cement - Packaging,Cement,Methane,0.16883533987762073,kg,simulated_data.json
Cement - Packaging,Cement,Nitrous oxide,0.031078456919018574,kg,simulated_data.json
Cement - Maintenance,Cement,Carbon dioxide,0.8230294764636468,kg,simulated_data.json
Cement - Maintenance,Cement,Methane,0.03941865467954021,kg,simulated_data.json
Cement - Maintenance,Cement,Nitrous oxide,0.006834706884550165,kg,simulated_data.json
Cement - Combustion,Cement,Carbon dioxide,4.848022428735388,kg,simulated_data.json
Cement - Combustion,Cement,Methane,0.21107520604163613,kg,simulated_data.json
Cement - Combustion,Cement,Nitrous oxide,0.04085482188725102,kg,simulated_data.json
Cement - Treatment,Cement,Carbon dioxide,4.057499598547753,kg,simulated_data.json
Cement - Treatment,Cement,Methane,0.2259617388007698,kg,simulated_data.json
Cement - Treatment,Cement,Nitrous oxide,0.03693738235343364,kg,simulated_data.json
Pharmaceuticals - Production,Pharmaceuticals,Carbon dioxide,3.971831791065885,kg,simulated_data.json
Pharmaceuticals - Production,Pharmaceuticals,Methane,0.139159007106463,kg,simulated_data.json
Pharmaceuticals - Production,Pharmaceuticals,Nitrous oxide,0.02924470506465419,kg,simulated_data.json
Pharmaceuticals - Processing,Pharmaceuticals,Carbon dioxide,1.3736992843350657,kg,simulated_data.json
Pharmaceuticals - Processing,Pharmaceuticals,Methane,0.0754990049924111,kg,simulated_data.json
Pharmaceuticals - Processing,Pharmaceuticals,Nitrous oxide,0.01747577081931338,kg,simulated_data.json
Pharmaceuticals - Distribution,Pharmaceuticals,Carbon dioxide,2.5390638417417826,kg,simulated_data.json
Pharmaceuticals - Distribution,Pharmaceuticals,Methane,0.15354391558641095,kg,simulated_data.json
Pharmaceuticals - Distribution,Pharmaceuticals,Nitrous oxide,0.03176411663327807,kg,simulated_data.json
Pharmaceuticals - Use,Pharmaceuticals,Carbon dioxide,3.804490037901886,kg,simulated_data.json
Pharmaceuticals - Use,Pharmaceuticals,Methane,0.18504441733611873,kg,simulated_data.json
Pharmaceuticals - Use,Pharmaceuticals,Nitrous oxide,0.030747952175941222,kg,simulated_data.json
Pharmaceuticals - End-of-life,Pharmaceuticals,Carbon dioxide,3.707865915668624,kg,simulated_data.json
Pharmaceuticals - End-of-life,Pharmaceuticals,Methane,0.18437205076768767,kg,simulated_data.json
Pharmaceuticals - End-of-life,Pharmaceuticals,Nitrous oxide,0.0472371673275269,kg,simulated_data.json
Pharmaceuticals - Recycling,Pharmaceuticals,Carbon dioxide,2.75609527703788,kg,simulated_data.json
Pharmaceuticals - Recycling,Pharmaceuticals,Methane,0.15827316042277198,kg,simulated_data.json
Pharmaceuticals - Recycling,Pharmaceuticals,Nitrous oxide,0.02619713072176023,kg,simulated_data.json
Pharmaceuticals - Disposal,Pharmaceuticals,Carbon dioxide,4.768884257371374,kg,simulated_data.json
Pharmaceuticals - Disposal,Pharmaceuticals,Methane,0.21356814366919033,kg,simulated_data.json
Pharmaceuticals - Disposal,Pharmaceuticals,Nitrous oxide,0.0434487359964247,kg,simulated_data.json
Pharmaceuticals - Transport,Pharmaceuticals,Carbon dioxide,2.1347900526900636,kg,simulated_data.json
Pharmaceuticals - Transport,Pharmaceuticals,Methane,0.10228440395523718,kg,simulated_data.json
Pharmaceuticals - Transport,Pharmaceuticals,Nitrous oxide,0.017121527465541405,kg,simulated_data.json
Pharmaceuticals - Storage,Pharmaceuticals,Carbon dioxide,0.8657574261950358,kg,simulated_data.json
Pharmaceuticals - Storage,Pharmaceuticals,Methane,0.0631886210305332,kg,simulated_data.json
Pharmaceuticals - Storage,Pharmaceuticals,Nitrous oxide,0.009944606987709997,kg,simulated_data.json
Pharmaceuticals - Extraction,Pharmaceuticals,Carbon dioxide,4.121539064508167,kg,simulated_data.json
Pharmaceuticals - Extraction,Pharmaceuticals,Methane,0.22338456203359192,kg,simulated_data.json
Pharmaceuticals - Extraction,Pharmaceuticals,Nitrous oxide,0.038143689664236605,kg,simulated_data.json
Pharmaceuticals - Refining,Pharmaceuticals,Carbon dioxide,1.2938883045773866,kg,simulated_data.json
Pharmaceuticals - Refining,Pharmaceuticals,Methane,0.08373073074158022,kg,simulated_data.json
Pharmaceuticals - Refining,Pharmaceuticals,Nitrous oxide,0.01754353003932323,kg,simulated_data.json
Pharmaceuticals - Assembly,Pharmaceuticals,Carbon dioxide,3.746330036299716,kg,simulated_data.json
Pharmaceuticals - Assembly,Pharmaceuticals,Methane,0.21697026085109675,kg,simulated_data.json
Pharmaceuticals - Assembly,Pharmaceuticals,Nitrous oxide,0.03853392913456132,kg,simulated_data.json
Pharmaceuticals - Packaging,Pharmaceuticals,Carbon dioxide,1.7167326084276047,kg,simulated_data.json
Pharmaceuticals - Packaging,Pharmaceuticals,Methane,0.06372105156065837,kg,simulated_data.json
Pharmaceuticals - Packaging,Pharmaceuticals,Nitrous oxide,0.01612421218033254,kg,simulated_data.json
Pharmaceuticals - Maintenance,Pharmaceuticals,Carbon dioxide,3.857747212766606,kg,simulated_data.json
Pharmaceuticals - Maintenance,Pharmaceuticals,Methane,0.19613425050698075,kg,simulated_data.json
Pharmaceuticals - Maintenance,Pharmaceuticals,Nitrous oxide,0.043417552964601314,kg,simulated_data.json
Pharmaceuticals - Combustion,Pharmaceuticals,Carbon dioxide,2.8785026793415907,kg,simulated_data.json
Pharmaceuticals - Combustion,Pharmaceuticals,Methane,0.15327915700978162,kg,simulated_data.json
Pharmaceuticals - Combustion,Pharmaceuticals,Nitrous oxide,0.02651450780484901,kg,simulated_data.json
Pharmaceuticals - Treatment,Pharmaceuticals,Carbon dioxide,2.303645366035128,kg,simulated_data.json
Pharmaceuticals - Treatment,Pharmaceuticals,Methane,0.10034944235867574,kg,simulated_data.json
Pharmaceuticals - Treatment,Pharmaceuticals,Nitrous oxide,0.027957117400688868,kg,simulated_data.json
Furniture - Production,Furniture,Carbon dioxide,3.7362810999548652,kg,simulated_data.json
Furniture - Production,Furniture,Methane,0.24273034717245362,kg,simulated_data.json
Furniture - Production,Furniture,Nitrous oxide,0.041929364102550756,kg,simulated_data.json
Furniture - Processing,Furniture,Carbon dioxide,0.7198415550477345,kg,simulated_data.json
Furniture - Processing,Furniture,Methane,0.03592185796651725,kg,simulated_data.json
Furniture - Processing,Furniture,Nitrous oxide,0.008153169651967336,kg,simulated_data.json
Furniture - Distribution,Furniture,Carbon dioxide,1.4834849838122597,kg,simulated_data.json
Furniture - Distribution,Furniture,Methane,0.08421477972496899,kg,simulated_data.json
Furniture - Distribution,Furniture,Nitrous oxide,0.016977634835215367,kg,simulated_data.json
Furniture - Use,Furniture,Carbon dioxide,4.713034026067852,kg,simulated_data.json
Furniture - Use,Furniture,Methane,0.2005807576274691,kg,simulated_data.json
Furniture - Use,Furniture,Nitrous oxide,0.04880680465129273,kg,simulated_data.json
Furniture - End-of-life,Furniture,Carbon dioxide,3.118349423986255,kg,simulated_data.json
Furniture - End-of-life,Furniture,Methane,0.15698142314020505,kg,simulated_data.json
Furniture - End-of-life,Furniture,Nitrous oxide,0.03485695153803903,kg,simulated_data.json
Furniture - Recycling,Furniture,Carbon dioxide,3.7451661738473483,kg,simulated_data.json
Furniture - Recycling,Furniture,Methane,0.19669396966081104,kg,simulated_data.json
Furniture - Recycling,Furniture,Nitrous oxide,0.040731646490900386,kg,simulated_data.json
Furniture - Disposal,Furniture,Carbon dioxide,3.5031863409177895,kg,simulated_data.json
Furniture - Disposal,Furniture,Methane,0.18980923364360086,kg,simulated_data.json
Furniture - Disposal,Furniture,Nitrous oxide,0.04507379049639129,kg,simulated_data.json
Furniture - Transport,Furniture,Carbon dioxide,1.2707641466723674,kg,simulated_data.json
Furniture - Transport,Furniture,Methane,0.06689458666858462,kg,simulated_data.json
Furniture - Transport,Furniture,Nitrous oxide,0.012972695388271572,kg,simulated_data.json
Furniture - Storage,Furniture,Carbon dioxide,1.4257746035028684,kg,simulated_data.json
Furniture - Storage,Furniture,Methane,0.08462037579595659,kg,simulated_data.json
Furniture - Storage,Furniture,Nitrous oxide,0.020426515660390616,kg,simulated_data.json
Furniture - Extraction,Furniture,Carbon dioxide,2.114506525407404,kg,simulated_data.json
Furniture - Extraction,Furniture,Methane,0.13327588045416947,kg,simulated_data.json
Furniture - Extraction,Furniture,Nitrous oxide,0.027997781348706695,kg,simulated_data.json
Furniture - Refining,Furniture,Carbon dioxide,0.5819291423047808,kg,simulated_data.json
Furniture - Refining,Furniture,Methane,0.039152024226041256,kg,simulated_data.json
Furniture - Refining,Furniture,Nitrous oxide,0.00798950940819175,kg,simulated_data.json
Furniture - Assembly,Furniture,Carbon dioxide,1.584813621334863,kg,simulated_data.json
Furniture - Assembly,Furniture,Methane,0.07815322444081414,kg,simulated_data.json
Furniture - Assembly,Furniture,Nitrous oxide,0.01780032863059967,kg,simulated_data.json
Furniture - Packaging,Furniture,Carbon dioxide,3.1680863259847643,kg,simulated_data.json
Furniture - Packaging,Furniture,Methane,0.122892312449966,kg,simulated_data.json
Furniture - Packaging,Furniture,Nitrous oxide,0.03228146335187973,kg,simulated_data.json
Furniture - Maintenance,Furniture,Carbon dioxide,2.4093246138802784,kg,simulated_data.json
Furniture - Maintenance,Furniture,Methane,0.10299673214707074,kg,simulated_data.json
Furniture - Maintenance,Furniture,Nitrous oxide,0.023589938746437507,kg,simulated_data.json
Furniture - Combustion,Furniture,Carbon dioxide,2.8020911536477056,kg,simulated_data.json
Furniture - Combustion,Furniture,Methane,0.10648268266151611,kg,simulated_data.json
Furniture - Combustion,Furniture,Nitrous oxide,0.020700399513149653,kg,simulated_data.json
Furniture - Treatment,Furniture,Carbon dioxide,2.6343447959147843,kg,simulated_data.json
Furniture - Treatment,Furniture,Methane,0.09209461887065735,kg,simulated_data.json
Furniture - Treatment,Furniture,Nitrous oxide,0.027109364555943326,kg,simulated_data.json
